Time,Venue,Code,RaceNo,RunnerNo,RunnerName,Type,Market,Bookie,Odds,Result
,,,,,,,,,,
6/20/2025 22:16,gloucester park,Harness,6,3,XCITE ME NZ,CASH,Fixed Win,TAB,12,Success
6/20/2025 22:13,parkes,Harness,8,4,FIAMORE,CASH,Fixed Win,Tabtouch,8,Error
6/20/2025 22:13,parkes,Harness,8,4,FIAMORE,CASH,Fixed Win,Betr,8,Error
6/20/2025 22:11,parkes,Harness,8,1,ESTHERS LAST,CASH,Fixed Win,TAB,7.5,Error
6/20/2025 22:11,parkes,Harness,8,1,ESTHERS LAST,CASH,Fixed Win,Sportsbet,8,Error
6/20/2025 22:11,parkes,Harness,8,1,ESTHERS LAST,CASH,Fixed Win,Betr,8.5,Error
6/20/2025 22:09,parkes,Harness,8,2,TURN OUT THE LIGHT,CASH,Fixed Win,Tabtouch,71,Error
6/20/2025 22:09,parkes,Harness,8,2,TURN OUT THE LIGHT,CASH,Fixed Win,Sportsbet,91,Success
6/20/2025 22:09,parkes,Harness,8,2,TURN OUT THE LIGHT,CASH,Fixed Win,Betr,91,Success
6/20/2025 22:08,parkes,Harness,8,2,TURN OUT THE LIGHT,CASH,Fixed Win,BetRight,71,Error
6/20/2025 22:07,melton,Harness,9,8,BONA KHAN,CASH,Fixed Win,TAB,13,Error
6/20/2025 22:05,bendigo,Greyhounds,10,5,TARAWI THERESE,CASH,Fixed Win,Tabtouch,1.8,Error
6/20/2025 22:05,bendigo,Greyhounds,10,5,TARAWI THERESE,CASH,Fixed Win,TAB,1.9,Success
6/20/2025 22:04,melton,Harness,9,8,BONA KHAN,CASH,Fixed Win,Betr,16,Success
6/20/2025 21:59,melton,Harness,9,8,BONA KHAN,CASH,Fixed Win,Tabtouch,17,Success
6/20/2025 21:59,melton,Harness,9,8,BONA KHAN,CASH,Fixed Win,Sportsbet,17,Success
6/20/2025 21:58,newcastle,Harness,10,4,BULL SHARK,CASH,Fixed Win,TAB,10,Error
6/20/2025 21:58,newcastle,Harness,10,4,BULL SHARK,CASH,Fixed Win,Betr,12,Success
6/20/2025 21:57,newcastle,Harness,10,4,BULL SHARK,CASH,Fixed Win,Sportsbet,12,Error
6/20/2025 21:46,gloucester park,Harness,5,6,AARDIEBYTHESEASIDE NZ,CASH,Fixed Win,Tabtouch,2.65,Success
6/20/2025 21:38,richmond,Greyhounds,8,2,WICKED RAVEN,CASH,Fixed Win,Sportsbet,12,Success
6/20/2025 21:38,richmond,Greyhounds,8,2,WICKED RAVEN,CASH,Fixed Win,Betr,12,Success
6/20/2025 21:38,richmond,Greyhounds,8,2,WICKED RAVEN,CASH,Fixed Win,BetRight,9.5,Error
6/20/2025 21:37,parkes,Harness,7,3,CHASIN YOU,CASH,Fixed Win,TAB,7.5,Success
6/20/2025 21:37,parkes,Harness,7,3,CHASIN YOU,CASH,Fixed Win,BetRight,6.75,Error
6/20/2025 21:36,mandurah,Greyhounds,3,3,ZAC'S THUNDER,CASH,Fixed Win,TAB,5,Success
6/20/2025 21:29,melton,Harness,8,7,GIANVITO,CASH,Fixed Win,Tabtouch,2.9,Success
6/20/2025 21:29,melton,Harness,8,4,ALDEBARAN ZENDAYA,CASH,Fixed Win,TAB,12,Error
6/20/2025 21:29,melton,Harness,8,4,ALDEBARAN ZENDAYA,CASH,Fixed Win,BetRight,12,Error
6/20/2025 21:29,melton,Harness,8,7,GIANVITO,CASH,Fixed Win,BetRight,3,Success
6/20/2025 21:29,melton,Harness,8,7,GIANVITO,CASH,Fixed Win,TAB,2.9,Error
6/20/2025 21:29,melton,Harness,8,7,GIANVITO,CASH,Fixed Win,Betr,3,Error
6/20/2025 21:29,melton,Harness,8,6,NIGHT FLIGHT,CASH,Fixed Win,TAB,34,Error
6/20/2025 21:28,melton,Harness,8,6,NIGHT FLIGHT,CASH,Fixed Win,Sportsbet,41,Success
6/20/2025 21:28,melton,Harness,8,6,NIGHT FLIGHT,CASH,Fixed Win,BetRight,34,Error
6/20/2025 21:28,melton,Harness,8,6,NIGHT FLIGHT,CASH,Fixed Win,Betr,29,Error
6/20/2025 21:28,melton,Harness,8,4,ALDEBARAN ZENDAYA,CASH,Fixed Win,Tabtouch,13,Error
6/20/2025 21:28,melton,Harness,8,4,ALDEBARAN ZENDAYA,CASH,Fixed Win,Sportsbet,15,Success
6/20/2025 21:28,melton,Harness,8,4,ALDEBARAN ZENDAYA,CASH,Fixed Win,Betr,14,Success
6/20/2025 21:26,melton,Harness,8,7,GIANVITO,CASH,Fixed Win,Sportsbet,3.4,Success
6/20/2025 21:26,newcastle,Harness,9,3,MICKEYS RUN,CASH,Fixed Win,Tabtouch,3,Error
6/20/2025 21:26,newcastle,Harness,9,3,MICKEYS RUN,CASH,Fixed Win,TAB,3.1,Error
6/20/2025 21:26,newcastle,Harness,9,3,MICKEYS RUN,CASH,Fixed Win,Sportsbet,3,Error
6/20/2025 21:26,newcastle,Harness,9,3,MICKEYS RUN,CASH,Fixed Win,Betr,3,Error
6/20/2025 21:24,wagga,Greyhounds,10,5,DANA PAULINE,CASH,Fixed Win,TAB,41,Success
6/20/2025 21:24,wagga,Greyhounds,10,5,DANA PAULINE,CASH,Fixed Win,Sportsbet,41,Success
6/20/2025 21:24,wagga,Greyhounds,10,5,DANA PAULINE,CASH,Fixed Win,BetRight,34,Error
6/20/2025 21:24,wagga,Greyhounds,10,5,DANA PAULINE,CASH,Fixed Win,Betr,41,Success
6/20/2025 21:24,wagga,Greyhounds,10,6,BIANCA'S MATE,CASH,Fixed Win,Tabtouch,21,Success
6/20/2025 21:24,newcastle,Harness,9,8,MIRA DOMINA,CASH,Fixed Win,Betr,41,Success
6/20/2025 21:23,newcastle,Harness,9,8,MIRA DOMINA,CASH,Fixed Win,TAB,34,Error
6/20/2025 21:23,newcastle,Harness,9,8,MIRA DOMINA,CASH,Fixed Win,Sportsbet,31,Error
6/20/2025 21:23,wagga,Greyhounds,10,6,BIANCA'S MATE,CASH,Fixed Win,TAB,19,Error
6/20/2025 21:23,wagga,Greyhounds,10,6,BIANCA'S MATE,CASH,Fixed Win,Sportsbet,23,Success
6/20/2025 21:23,wagga,Greyhounds,10,6,BIANCA'S MATE,CASH,Fixed Win,Betr,23,Success
6/20/2025 21:22,newcastle,Harness,9,6,BARSHOC,CASH,Fixed Win,TAB,41,Error
6/20/2025 21:22,newcastle,Harness,9,10,BLAZING HIGH,CASH,Fixed Win,Tabtouch,26,Success
6/20/2025 21:22,newcastle,Harness,9,10,BLAZING HIGH,CASH,Fixed Win,TAB,23,Error
6/20/2025 21:21,newcastle,Harness,9,10,BLAZING HIGH,CASH,Fixed Win,BetRight,31,Success
6/20/2025 21:21,newcastle,Harness,9,10,BLAZING HIGH,CASH,Fixed Win,Sportsbet,34,Error
6/20/2025 21:21,newcastle,Harness,9,10,BLAZING HIGH,CASH,Fixed Win,Betr,34,Error
6/20/2025 21:13,gloucester park,Harness,4,5,WHATARETHEODDS,CASH,Fixed Win,Sportsbet,15,Error
6/20/2025 21:13,gloucester park,Harness,4,5,WHATARETHEODDS,CASH,Fixed Win,TAB,19,Success
6/20/2025 21:07,gloucester park,Harness,4,2,ALCOPONY,CASH,Fixed Win,Tabtouch,4,Success
6/20/2025 21:06,gloucester park,Harness,4,5,WHATARETHEODDS,CASH,Fixed Win,BetRight,17,Error
6/20/2025 21:02,wagga,Greyhounds,9,8,EDGE OF FAITH,CASH,Fixed Win,Sportsbet,4.4,Success
6/20/2025 21:02,parkes,Harness,6,9,LEAD ROLE,CASH,Fixed Win,BetRight,19,Success
6/20/2025 21:01,parkes,Harness,6,1,CARIBBEAN PAT,CASH,Fixed Win,BetRight,2.5,Success
6/20/2025 21:01,parkes,Harness,6,1,CARIBBEAN PAT,CASH,Fixed Win,Betr,2.5,Success
6/20/2025 20:59,mandurah,Greyhounds,1,5,GETTIN' TIPSY,CASH,Fixed Win,TAB,13,Error
6/20/2025 20:59,mandurah,Greyhounds,1,5,GETTIN' TIPSY,CASH,Fixed Win,Betr,15,Success
6/20/2025 20:59,mandurah,Greyhounds,1,5,GETTIN' TIPSY,CASH,Fixed Win,Tabtouch,16,Success
6/20/2025 20:58,mandurah,Greyhounds,1,5,GETTIN' TIPSY,CASH,Fixed Win,Sportsbet,16,Error
6/20/2025 20:57,melton,Harness,7,3,THE VILLAIN,CASH,Fixed Win,Tabtouch,1.8,Success
6/20/2025 20:57,melton,Harness,7,3,THE VILLAIN,CASH,Fixed Win,BetRight,1.8,Success
6/20/2025 20:57,melton,Harness,7,3,THE VILLAIN,CASH,Fixed Win,Betr,1.8,Success
6/20/2025 20:46,wagga,Greyhounds,8,8,QUEEN OF SPADES,CASH,Fixed Win,BetRight,6.75,Error
6/20/2025 20:42,bendigo,Greyhounds,6,2,OVER ACHIEVER,CASH,Fixed Win,Tabtouch,4,Error
6/20/2025 20:42,bendigo,Greyhounds,6,2,OVER ACHIEVER,CASH,Fixed Win,Betr,4.6,Success
6/20/2025 20:40,bendigo,Greyhounds,6,2,OVER ACHIEVER,CASH,Fixed Win,BetRight,5,Error
6/20/2025 20:35,gloucester park,Harness,3,1,MONTANA D J NZ,CASH,Fixed Win,Betr,2.9,Success
6/20/2025 20:35,gloucester park,Harness,3,5,SUGAR APPLE NZ,CASH,Fixed Win,Tabtouch,17,Success
6/20/2025 20:35,gloucester park,Harness,3,5,SUGAR APPLE NZ,CASH,Fixed Win,Sportsbet,15,Error
6/20/2025 20:33,gloucester park,Harness,3,1,MONTANA D J NZ,CASH,Fixed Win,Tabtouch,3.3,Success
6/20/2025 20:28,parkes,Harness,5,4,RIVERINA FLASH,CASH,Fixed Win,Sportsbet,1.9,Error
6/20/2025 20:25,parkes,Harness,5,4,RIVERINA FLASH,CASH,Fixed Win,Tabtouch,1.9,Success
6/20/2025 20:16,newcastle,Harness,7,10,BOUGANVILLEA,CASH,Fixed Win,Tabtouch,6.5,Error
6/20/2025 20:15,newcastle,Harness,7,10,BOUGANVILLEA,CASH,Fixed Win,Sportsbet,6.5,Error
6/20/2025 20:15,newcastle,Harness,7,10,BOUGANVILLEA,CASH,Fixed Win,BetRight,6.5,Error
6/20/2025 20:14,richmond,Greyhounds,4,7,SISTER THREE,CASH,Fixed Win,Tabtouch,8,Success
6/20/2025 20:14,richmond,Greyhounds,4,7,SISTER THREE,CASH,Fixed Win,Betr,8,Success
6/20/2025 20:14,richmond,Greyhounds,4,7,SISTER THREE,CASH,Fixed Win,Sportsbet,8,Success
6/20/2025 20:13,newcastle,Harness,7,4,RACING WRITER,CASH,Fixed Win,Tabtouch,3.2,Success
6/20/2025 20:12,newcastle,Harness,7,4,RACING WRITER,CASH,Fixed Win,Sportsbet,3.2,Success
6/20/2025 20:12,newcastle,Harness,7,4,RACING WRITER,CASH,Fixed Win,Betr,3.2,Success
6/20/2025 20:10,wagga,Greyhounds,6,8,ASTON LAMBADA,CASH,Fixed Win,Betr,4.6,Error
6/20/2025 20:09,wagga,Greyhounds,6,8,ASTON LAMBADA,CASH,Fixed Win,BetRight,5.25,Error
6/20/2025 20:09,redcliffe,Harness,6,3,BEACH MAGIC,CASH,Fixed Win,Tabtouch,5,Error
6/20/2025 20:09,redcliffe,Harness,6,3,BEACH MAGIC,CASH,Fixed Win,Betr,5,Error
6/20/2025 20:08,redcliffe,Harness,6,3,BEACH MAGIC,CASH,Fixed Win,BetRight,5.5,Error
6/20/2025 20:05,redcliffe,Harness,6,3,BEACH MAGIC,CASH,Fixed Win,TAB,7,Error
6/20/2025 20:05,redcliffe,Harness,6,3,BEACH MAGIC,CASH,Fixed Win,Sportsbet,6.5,Error
6/20/2025 20:05,redcliffe,Harness,6,4,DONT FEAR FOR ME,CASH,Fixed Win,Tabtouch,21,Error
6/20/2025 20:05,redcliffe,Harness,6,4,DONT FEAR FOR ME,CASH,Fixed Win,Betr,26,Success
6/20/2025 20:04,redcliffe,Harness,6,4,DONT FEAR FOR ME,CASH,Fixed Win,Sportsbet,26,Error
6/20/2025 20:03,redcliffe,Harness,6,7,SPORTS BOUNTY,CASH,Fixed Win,TAB,17,Error
6/20/2025 20:03,redcliffe,Harness,6,7,SPORTS BOUNTY,CASH,Fixed Win,Sportsbet,19,Success
6/20/2025 20:02,redcliffe,Harness,6,9,ISLA AND ADDIE,CASH,Fixed Win,Tabtouch,9.5,Error
6/20/2025 20:02,redcliffe,Harness,6,9,ISLA AND ADDIE,CASH,Fixed Win,Sportsbet,11,Success
6/20/2025 20:02,redcliffe,Harness,6,9,ISLA AND ADDIE,CASH,Fixed Win,TAB,11,Error
6/20/2025 20:02,redcliffe,Harness,6,9,ISLA AND ADDIE,CASH,Fixed Win,Betr,11,Success
6/20/2025 20:02,geelong,Greyhounds,4,8,IDRON BALE,CASH,Fixed Win,Sportsbet,10,Success
6/20/2025 20:02,redcliffe,Harness,6,9,ISLA AND ADDIE,CASH,Fixed Win,BetRight,9,Error
6/20/2025 20:01,gloucester park,Harness,2,6,CROWD CONTROL,CASH,Fixed Win,BetRight,26,Error
6/20/2025 20:00,bendigo,Greyhounds,4,8,THAT'S A BOODIE,CASH,Fixed Win,Sportsbet,12,Error
6/20/2025 19:55,gloucester park,Harness,2,12,FASTER THAN DAD,CASH,Fixed Win,Tabtouch,21,Error
6/20/2025 19:55,gloucester park,Harness,2,12,FASTER THAN DAD,CASH,Fixed Win,TAB,17,Error
6/20/2025 19:55,gloucester park,Harness,2,12,FASTER THAN DAD,CASH,Fixed Win,Sportsbet,22,Success
6/20/2025 19:55,gloucester park,Harness,2,12,FASTER THAN DAD,CASH,Fixed Win,Betr,21,Success
6/20/2025 19:54,parkes,Harness,4,2,NOSAER,CASH,Fixed Win,TAB,1.9,Error
6/20/2025 19:50,parkes,Harness,4,4,ROSIE ROMANCE,CASH,Fixed Win,TAB,11,Error
6/20/2025 19:42,wagga,Greyhounds,5,2,TANGO ANNA,CASH,Fixed Win,Tabtouch,20,Error
6/20/2025 19:42,wagga,Greyhounds,5,2,TANGO ANNA,CASH,Fixed Win,TAB,21,Error
6/20/2025 19:41,wagga,Greyhounds,5,2,TANGO ANNA,CASH,Fixed Win,Sportsbet,21,Error
6/20/2025 19:41,wagga,Greyhounds,5,2,TANGO ANNA,CASH,Fixed Win,Betr,26,Success
6/20/2025 19:37,newcastle,Harness,6,3,JAY OK,CASH,Fixed Win,TAB,1.7,Error
6/20/2025 19:34,newcastle,Harness,6,3,JAY OK,CASH,Fixed Win,Tabtouch,1.85,Error
6/20/2025 19:34,newcastle,Harness,6,3,JAY OK,CASH,Fixed Win,Sportsbet,1.9,Success
6/20/2025 19:34,newcastle,Harness,6,3,JAY OK,CASH,Fixed Win,BetRight,1.9,Success
6/20/2025 19:30,redcliffe,Harness,5,7,KODA DA MODA,CASH,Fixed Win,TAB,5.5,Error
6/20/2025 19:29,redcliffe,Harness,5,6,CALL ME TROUBLE NZ,CASH,Fixed Win,TAB,16,Error
6/20/2025 19:29,redcliffe,Harness,5,6,CALL ME TROUBLE NZ,CASH,Fixed Win,Betr,18,Success
6/20/2025 19:29,redcliffe,Harness,5,6,CALL ME TROUBLE NZ,CASH,Fixed Win,Sportsbet,17,Success
6/20/2025 19:28,redcliffe,Harness,5,5,SON OF A SUN NZ,CASH,Fixed Win,Betr,29,Success
6/20/2025 19:28,redcliffe,Harness,5,5,SON OF A SUN NZ,CASH,Fixed Win,Sportsbet,31,Success
6/20/2025 19:26,gloucester park,Harness,1,10,FEELING ACES,CASH,Fixed Win,Tabtouch,31,Success
6/20/2025 19:26,gloucester park,Harness,1,10,FEELING ACES,CASH,Fixed Win,TAB,31,Error
6/20/2025 19:25,geelong,Greyhounds,2,2,FEELIN' FREE,CASH,Fixed Win,Tabtouch,2.6,Error
6/20/2025 19:25,geelong,Greyhounds,2,2,FEELIN' FREE,CASH,Fixed Win,TAB,2.6,Error
6/20/2025 19:25,geelong,Greyhounds,2,2,FEELIN' FREE,CASH,Fixed Win,Sportsbet,2.6,Error
6/20/2025 19:25,geelong,Greyhounds,2,2,FEELIN' FREE,CASH,Fixed Win,Betr,2.6,Error
6/20/2025 19:25,geelong,Greyhounds,2,3,VOLTS,CASH,Fixed Win,TAB,9.5,Error
6/20/2025 19:25,geelong,Greyhounds,2,3,VOLTS,CASH,Fixed Win,Betr,10,Success
6/20/2025 19:24,gloucester park,Harness,1,1,MIKIPELO,CASH,Fixed Win,Sportsbet,12,Error
6/20/2025 19:24,gloucester park,Harness,1,1,MIKIPELO,CASH,Fixed Win,Betr,13,Success
6/20/2025 19:23,gloucester park,Harness,1,1,MIKIPELO,CASH,Fixed Win,TAB,12,Error
6/20/2025 19:22,wagga,Greyhounds,4,8,SILVERTREE NACHO,CASH,Fixed Win,Tabtouch,8,Error
6/20/2025 19:22,wagga,Greyhounds,4,8,SILVERTREE NACHO,CASH,Fixed Win,TAB,8.5,Success
6/20/2025 19:22,wagga,Greyhounds,4,8,SILVERTREE NACHO,CASH,Fixed Win,BetRight,8.5,Success
6/20/2025 19:17,parkes,Harness,3,8,FOZZ,CASH,Fixed Win,TAB,5.5,Error
6/20/2025 19:17,parkes,Harness,3,8,FOZZ,CASH,Fixed Win,Sportsbet,6,Success
6/20/2025 19:17,parkes,Harness,3,8,FOZZ,CASH,Fixed Win,Betr,6,Success
6/20/2025 19:16,parkes,Harness,3,8,FOZZ,CASH,Fixed Win,BetRight,5.75,Error
6/20/2025 19:15,gloucester park,Harness,1,2,DARK EYES,CASH,Fixed Win,Tabtouch,2.4,Success
6/20/2025 19:13,melton,Harness,4,1,NOTHING SWEETER,CASH,Fixed Win,TAB,4,Error
6/20/2025 19:11,richmond,Greyhounds,1,2,JAMAL WICK,CASH,Fixed Win,TAB,4.2,Error
6/20/2025 19:10,melton,Harness,4,4,LADY IN LINE,CASH,Fixed Win,Sportsbet,14,Error
6/20/2025 19:09,bendigo,Greyhounds,2,4,MIDNIGHT THUNDER,CASH,Fixed Win,Sportsbet,23,Success
6/20/2025 19:09,bendigo,Greyhounds,2,4,MIDNIGHT THUNDER,CASH,Fixed Win,BetRight,23,Error
6/20/2025 19:09,bendigo,Greyhounds,2,4,MIDNIGHT THUNDER,CASH,Fixed Win,Betr,21,Success
6/20/2025 19:09,melton,Harness,4,6,I LIKE WHAT I SEE,CASH,Fixed Win,TAB,17,Error
6/20/2025 19:09,melton,Harness,4,6,I LIKE WHAT I SEE,CASH,Fixed Win,Sportsbet,19,Success
6/20/2025 19:09,melton,Harness,4,1,NOTHING SWEETER,CASH,Fixed Win,Tabtouch,4.6,Success
6/20/2025 19:09,melton,Harness,4,1,NOTHING SWEETER,CASH,Fixed Win,Betr,4.6,Success
6/20/2025 19:08,melton,Harness,4,6,I LIKE WHAT I SEE,CASH,Fixed Win,BetRight,19,Error
6/20/2025 18:58,redcliffe,Harness,4,3,MY ULTIMATE FELIX,CASH,Fixed Win,BetRight,9,Error
6/20/2025 18:46,parkes,Harness,2,2,LADY ROCKABELLUM,CASH,Fixed Win,Tabtouch,3.2,Success
6/20/2025 18:46,parkes,Harness,2,2,LADY ROCKABELLUM,CASH,Fixed Win,Sportsbet,3.2,Success
6/20/2025 18:46,parkes,Harness,2,2,LADY ROCKABELLUM,CASH,Fixed Win,Betr,3.2,Success
6/20/2025 18:46,parkes,Harness,2,2,LADY ROCKABELLUM,CASH,Fixed Win,BetRight,3.1,Error
6/20/2025 18:44,melton,Harness,3,12,DEVILS BLING,CASH,Fixed Win,TAB,1.85,Error
6/20/2025 18:44,melton,Harness,3,12,DEVILS BLING,CASH,Fixed Win,Sportsbet,1.95,Error
6/20/2025 18:43,q1 lakeside,Greyhounds,12,8,BLUE HAZE,CASH,Fixed Win,Sportsbet,7,Error
6/20/2025 18:41,melton,Harness,3,12,DEVILS BLING,CASH,Fixed Win,Tabtouch,2.2,Success
6/20/2025 18:41,q1 lakeside,Greyhounds,12,2,DASHING TURBO,CASH,Fixed Win,Tabtouch,8.5,Success
6/20/2025 18:39,q1 lakeside,Greyhounds,12,2,DASHING TURBO,CASH,Fixed Win,TAB,7.5,Error
6/20/2025 18:39,q1 lakeside,Greyhounds,12,2,DASHING TURBO,CASH,Fixed Win,Betr,8.5,Success
6/20/2025 18:38,q1 lakeside,Greyhounds,12,2,DASHING TURBO,CASH,Fixed Win,Sportsbet,9,Error
6/20/2025 18:35,warragul,Greyhounds,12,2,LUCA SKYWALKER,CASH,Fixed Win,Sportsbet,8,Error
6/20/2025 18:34,newcastle,Harness,4,4,THE CID,CASH,Fixed Win,BetRight,10,Error
6/20/2025 18:33,the gardens,Greyhounds,11,6,RING YOU BACK,CASH,Fixed Win,Sportsbet,14,Error
6/20/2025 18:24,redcliffe,Harness,3,2,NURBURGRING NZ,CASH,Fixed Win,TAB,21,Success
6/20/2025 18:23,redcliffe,Harness,3,7,DEUS EX NZ,CASH,Fixed Win,BetRight,4,Error
6/20/2025 18:23,redcliffe,Harness,3,3,SCARED STIFF NZ,CASH,Fixed Win,Tabtouch,4.6,Error
6/20/2025 18:23,redcliffe,Harness,3,3,SCARED STIFF NZ,CASH,Fixed Win,TAB,4.6,Error
6/20/2025 18:23,redcliffe,Harness,3,3,SCARED STIFF NZ,CASH,Fixed Win,Sportsbet,4.8,Error
6/20/2025 18:23,redcliffe,Harness,3,3,SCARED STIFF NZ,CASH,Fixed Win,Betr,5,Success
6/20/2025 18:22,redcliffe,Harness,3,7,DEUS EX NZ,CASH,Fixed Win,Tabtouch,4.6,Error
6/20/2025 18:19,parkes,Harness,1,4,DOING,CASH,Fixed Win,Tabtouch,11,Error
6/20/2025 18:19,parkes,Harness,1,8,ZOLTON,CASH,Fixed Win,Tabtouch,7,Error
6/20/2025 18:19,parkes,Harness,1,8,ZOLTON,CASH,Fixed Win,TAB,7,Error
6/20/2025 18:19,parkes,Harness,1,8,ZOLTON,CASH,Fixed Win,Sportsbet,6.5,Error
6/20/2025 18:19,parkes,Harness,1,8,ZOLTON,CASH,Fixed Win,BetRight,6,Error
6/20/2025 18:19,parkes,Harness,1,8,ZOLTON,CASH,Fixed Win,Betr,7.5,Success
6/20/2025 18:18,parkes,Harness,1,2,CHILLAX,CASH,Fixed Win,Sportsbet,19,Error
6/20/2025 18:18,parkes,Harness,1,2,CHILLAX,CASH,Fixed Win,Betr,21,Success
6/20/2025 18:18,parkes,Harness,1,2,CHILLAX,CASH,Fixed Win,TAB,21,Error
6/20/2025 18:17,parkes,Harness,1,4,DOING,CASH,Fixed Win,Sportsbet,15,Success
6/20/2025 18:17,parkes,Harness,1,4,DOING,CASH,Fixed Win,Betr,15,Error
6/20/2025 18:16,redcliffe,Harness,3,7,DEUS EX NZ,CASH,Fixed Win,Betr,5.5,Error
6/20/2025 18:16,parkes,Harness,1,4,DOING,CASH,Fixed Win,TAB,17,Error
6/20/2025 18:16,parkes,Harness,1,2,CHILLAX,CASH,Fixed Win,BetRight,23,Error
6/20/2025 18:16,wagga,Greyhounds,1,7,WILD TERRELL,CASH,Fixed Win,TAB,31,Success
6/20/2025 18:16,redcliffe,Harness,3,7,DEUS EX NZ,CASH,Fixed Win,TAB,6,Error
6/20/2025 18:16,redcliffe,Harness,3,7,DEUS EX NZ,CASH,Fixed Win,Sportsbet,6.5,Success
6/20/2025 18:14,melton,Harness,2,11,MY LITTLE BO,CASH,Fixed Win,Tabtouch,3.4,Error
6/20/2025 18:14,melton,Harness,2,11,MY LITTLE BO,CASH,Fixed Win,TAB,3.4,Error
6/20/2025 18:14,melton,Harness,2,11,MY LITTLE BO,CASH,Fixed Win,Sportsbet,3.4,Error
6/20/2025 18:14,melton,Harness,2,11,MY LITTLE BO,CASH,Fixed Win,Betr,3.4,Error
6/20/2025 18:12,melton,Harness,2,2,JUDES DUDE,CASH,Fixed Win,TAB,41,Error
6/20/2025 18:12,the gardens,Greyhounds,10,6,NABIAC MEGS,CASH,Fixed Win,TAB,23,Error
6/20/2025 18:12,the gardens,Greyhounds,10,6,NABIAC MEGS,CASH,Fixed Win,Sportsbet,23,Error
6/20/2025 18:12,the gardens,Greyhounds,10,6,NABIAC MEGS,CASH,Fixed Win,Betr,26,Success
6/20/2025 18:12,melton,Harness,2,1,SENNA STORM,CASH,Fixed Win,Tabtouch,6.5,Success
6/20/2025 18:12,melton,Harness,2,1,SENNA STORM,CASH,Fixed Win,Betr,5.5,Error
6/20/2025 18:10,melton,Harness,2,1,SENNA STORM,CASH,Fixed Win,Sportsbet,6.5,Error
6/20/2025 18:10,melton,Harness,2,1,SENNA STORM,CASH,Fixed Win,TAB,7,Success
6/20/2025 18:09,melton,Harness,2,6,LOU WILL NZ,CASH,Fixed Win,Tabtouch,23,Error
6/20/2025 18:09,melton,Harness,2,6,LOU WILL NZ,CASH,Fixed Win,Sportsbet,31,Success
6/20/2025 18:09,melton,Harness,2,6,LOU WILL NZ,CASH,Fixed Win,TAB,31,Error
6/20/2025 18:09,melton,Harness,2,6,LOU WILL NZ,CASH,Fixed Win,Betr,34,Success
6/20/2025 18:07,the gardens,Greyhounds,10,5,RITZA BENJI,CASH,Fixed Win,Tabtouch,4.8,Success
6/20/2025 18:07,the gardens,Greyhounds,10,5,RITZA BENJI,CASH,Fixed Win,TAB,4.4,Error
6/20/2025 18:07,the gardens,Greyhounds,10,5,RITZA BENJI,CASH,Fixed Win,Betr,4.8,Success
6/20/2025 18:07,newcastle,Harness,3,5,AMERICAN WEREWOLF,CASH,Fixed Win,Tabtouch,7.5,Error
6/20/2025 18:07,newcastle,Harness,3,5,AMERICAN WEREWOLF,CASH,Fixed Win,Sportsbet,7.5,Error
6/20/2025 18:07,newcastle,Harness,3,5,AMERICAN WEREWOLF,CASH,Fixed Win,BetRight,7,Error
6/20/2025 18:07,the gardens,Greyhounds,10,5,RITZA BENJI,CASH,Fixed Win,Sportsbet,5,Success
6/20/2025 18:06,murray bridge,Greyhounds,9,6,ASTON ZINGARA,CASH,Fixed Win,Tabtouch,1.95,Error
6/20/2025 18:05,murray bridge,Greyhounds,9,6,ASTON ZINGARA,CASH,Fixed Win,TAB,2.1,Success
6/20/2025 18:04,newcastle,Harness,3,5,AMERICAN WEREWOLF,CASH,Fixed Win,TAB,11,Success
6/20/2025 18:01,q1 lakeside,Greyhounds,10,8,SWEET LADETTE,CASH,Fixed Win,Tabtouch,2.4,Error
6/20/2025 18:01,q1 lakeside,Greyhounds,10,8,SWEET LADETTE,CASH,Fixed Win,TAB,2.4,Error
6/20/2025 18:01,q1 lakeside,Greyhounds,10,8,SWEET LADETTE,CASH,Fixed Win,Betr,2.5,Success
6/20/2025 17:59,q1 lakeside,Greyhounds,10,8,SWEET LADETTE,CASH,Fixed Win,Sportsbet,2.7,Success
6/20/2025 17:57,newcastle,Harness,3,4,DANCE WITH CARMER,CASH,Fixed Win,Tabtouch,2.45,Error
6/20/2025 17:57,newcastle,Harness,3,4,DANCE WITH CARMER,CASH,Fixed Win,TAB,2.4,Error
6/20/2025 17:57,newcastle,Harness,3,4,DANCE WITH CARMER,CASH,Fixed Win,Sportsbet,2.5,Success
6/20/2025 17:57,newcastle,Harness,3,4,DANCE WITH CARMER,CASH,Fixed Win,BetRight,2.35,Error
6/20/2025 17:57,newcastle,Harness,3,4,DANCE WITH CARMER,CASH,Fixed Win,Betr,2.5,Success
6/20/2025 17:55,mildura,Harness,10,11,DEE ROE,CASH,Fixed Win,Tabtouch,1.36,Success
6/20/2025 17:46,redcliffe,Harness,2,2,ROYAL WINKLE,CASH,Fixed Win,Tabtouch,15,Error
6/20/2025 17:46,redcliffe,Harness,2,2,ROYAL WINKLE,CASH,Fixed Win,Betr,15,Error
6/20/2025 17:44,redcliffe,Harness,2,3,HATTIES JEWEL,CASH,Fixed Win,TAB,5.5,Success
6/20/2025 17:43,redcliffe,Harness,2,2,ROYAL WINKLE,CASH,Fixed Win,TAB,19,Error
6/20/2025 17:43,redcliffe,Harness,2,3,HATTIES JEWEL,CASH,Fixed Win,Tabtouch,5,Success
6/20/2025 17:42,redcliffe,Harness,2,9,SII SEMPRE TILLY,CASH,Fixed Win,TAB,34,Error
6/20/2025 17:42,redcliffe,Harness,2,9,SII SEMPRE TILLY,CASH,Fixed Win,Sportsbet,34,Error
6/20/2025 17:42,redcliffe,Harness,2,9,SII SEMPRE TILLY,CASH,Fixed Win,Betr,29,Error
6/20/2025 17:41,redcliffe,Harness,2,3,HATTIES JEWEL,CASH,Fixed Win,Betr,4.8,Success
6/20/2025 17:39,melton,Harness,1,1,ALLWATFUNJINGLES,CASH,Fixed Win,Sportsbet,71,Error
6/20/2025 17:38,melton,Harness,1,1,ALLWATFUNJINGLES,CASH,Fixed Win,TAB,61,Error
6/20/2025 17:38,melton,Harness,1,1,ALLWATFUNJINGLES,CASH,Fixed Win,Betr,67,Error
6/20/2025 17:36,melton,Harness,1,9,SOVEREIGN TIGER,CASH,Fixed Win,Tabtouch,14,Error
6/20/2025 17:36,melton,Harness,1,9,SOVEREIGN TIGER,CASH,Fixed Win,TAB,14,Error
6/20/2025 17:36,melton,Harness,1,9,SOVEREIGN TIGER,CASH,Fixed Win,Sportsbet,15,Success
6/20/2025 17:36,melton,Harness,1,9,SOVEREIGN TIGER,CASH,Fixed Win,Betr,15,Error
6/20/2025 17:36,melton,Harness,1,9,SOVEREIGN TIGER,CASH,Fixed Win,BetRight,15,Error
6/20/2025 17:29,newcastle,Harness,2,4,BETTOR CHEER NZ,CASH,Fixed Win,TAB,8,Success
6/20/2025 17:28,newcastle,Harness,2,6,SPIRIT KING,CASH,Fixed Win,Tabtouch,7,Error
6/20/2025 17:28,newcastle,Harness,2,6,SPIRIT KING,CASH,Fixed Win,Sportsbet,8,Error
6/20/2025 17:28,newcastle,Harness,2,6,SPIRIT KING,CASH,Fixed Win,Betr,7.5,Error
6/20/2025 17:28,newcastle,Harness,2,2,NIFTY STUDLEIGH,CASH,Fixed Win,Sportsbet,14,Error
6/20/2025 17:28,newcastle,Harness,2,2,NIFTY STUDLEIGH,CASH,Fixed Win,Betr,14,Error
6/20/2025 17:27,newcastle,Harness,2,2,NIFTY STUDLEIGH,CASH,Fixed Win,TAB,16,Error
6/20/2025 17:27,newcastle,Harness,2,6,SPIRIT KING,CASH,Fixed Win,TAB,8,Error
6/20/2025 17:27,newcastle,Harness,2,6,SPIRIT KING,CASH,Fixed Win,BetRight,8,Error
6/20/2025 17:22,mildura,Harness,9,7,A ROCKNROLL JET,CASH,Fixed Win,TAB,41,Error
6/20/2025 17:21,mildura,Harness,9,12,MERRYWOOD PAUL,CASH,Fixed Win,Tabtouch,2.2,Error
6/20/2025 17:21,mildura,Harness,9,12,MERRYWOOD PAUL,CASH,Fixed Win,Sportsbet,2.2,Error
6/20/2025 17:21,mildura,Harness,9,12,MERRYWOOD PAUL,CASH,Fixed Win,Betr,2.15,Error
6/20/2025 17:19,mildura,Harness,9,5,STYLISH GEM,CASH,Fixed Win,Betr,26,Error
6/20/2025 17:19,mildura,Harness,9,5,STYLISH GEM,CASH,Fixed Win,TAB,34,Error
6/20/2025 17:19,mildura,Harness,9,5,STYLISH GEM,CASH,Fixed Win,Sportsbet,41,Success
6/20/2025 17:18,the gardens,Greyhounds,7,3,DREAMTIME DOLLY,CASH,Fixed Win,TAB,17,Error
6/20/2025 17:18,the gardens,Greyhounds,7,3,DREAMTIME DOLLY,CASH,Fixed Win,Sportsbet,17,Error
6/20/2025 17:18,the gardens,Greyhounds,7,3,DREAMTIME DOLLY,CASH,Fixed Win,BetRight,17,Error
6/20/2025 17:18,the gardens,Greyhounds,7,3,DREAMTIME DOLLY,CASH,Fixed Win,Betr,18,Error
6/20/2025 17:17,murray bridge,Greyhounds,7,4,NAUGHTY NORM,CASH,Fixed Win,Sportsbet,1.5,Success
6/20/2025 17:17,murray bridge,Greyhounds,7,4,NAUGHTY NORM,CASH,Fixed Win,BetRight,1.5,Success
6/20/2025 17:17,murray bridge,Greyhounds,7,4,NAUGHTY NORM,CASH,Fixed Win,Tabtouch,1.4,Error
6/20/2025 17:12,q1 lakeside,Greyhounds,7,3,RUMBLE TWISTER,CASH,Fixed Win,TAB,31,Error
6/20/2025 17:12,q1 lakeside,Greyhounds,7,3,RUMBLE TWISTER,CASH,Fixed Win,Sportsbet,31,Error
6/20/2025 17:09,q1 lakeside,Greyhounds,7,1,DYNAMIC ETHICS,CASH,Fixed Win,TAB,34,Success
6/20/2025 17:09,q1 lakeside,Greyhounds,7,1,DYNAMIC ETHICS,CASH,Fixed Win,Sportsbet,31,Error
6/20/2025 17:07,q1 lakeside,Greyhounds,7,2,CLEVERLY AVA,CASH,Fixed Win,Tabtouch,2.7,Success
6/20/2025 17:07,q1 lakeside,Greyhounds,7,2,CLEVERLY AVA,CASH,Fixed Win,TAB,2.6,Error
6/20/2025 17:07,q1 lakeside,Greyhounds,7,2,CLEVERLY AVA,CASH,Fixed Win,Betr,2.8,Success
6/20/2025 17:05,q1 lakeside,Greyhounds,7,2,CLEVERLY AVA,CASH,Fixed Win,Sportsbet,3.1,Success
6/20/2025 17:02,warragul,Greyhounds,7,6,GRAND CASSIAN,CASH,Fixed Win,Sportsbet,23,Error
6/20/2025 16:53,newcastle,Harness,1,5,NEXT TO ME NZ,CASH,Fixed Win,Tabtouch,9.5,Error
6/20/2025 16:53,newcastle,Harness,1,5,NEXT TO ME NZ,CASH,Fixed Win,Sportsbet,11,Success
6/20/2025 16:53,newcastle,Harness,1,5,NEXT TO ME NZ,CASH,Fixed Win,Betr,11,Success
6/20/2025 16:53,newcastle,Harness,1,5,NEXT TO ME NZ,CASH,Fixed Win,TAB,10,Error
6/20/2025 16:53,newcastle,Harness,1,4,LONGNWINDINGROAD,CASH,Fixed Win,BetRight,5.25,Error
6/20/2025 16:52,murray bridge,Greyhounds,5,8,SHINY PISTOL,CASH,Fixed Win,TAB,16,Success
6/20/2025 16:50,mildura,Harness,8,10,MASON DIXON LINE,CASH,Fixed Win,TAB,15,Error
6/20/2025 16:48,mildura,Harness,8,6,YAPPER,CASH,Fixed Win,TAB,9,Error
6/20/2025 16:48,mildura,Harness,8,4,KEAYANG MOROCCAN,CASH,Fixed Win,TAB,10,Error
6/20/2025 16:42,the gardens,Greyhounds,5,1,MY MOON SHADOW,CASH,Fixed Win,Sportsbet,5.5,Error
6/20/2025 16:41,murray bridge,Greyhounds,5,4,BINNAWAY MIRAGE,CASH,Fixed Win,Tabtouch,2.35,Success
6/20/2025 16:41,murray bridge,Greyhounds,5,4,BINNAWAY MIRAGE,CASH,Fixed Win,TAB,2.3,Success
6/20/2025 16:41,murray bridge,Greyhounds,5,4,BINNAWAY MIRAGE,CASH,Fixed Win,Sportsbet,2.35,Success
6/20/2025 16:41,murray bridge,Greyhounds,5,4,BINNAWAY MIRAGE,CASH,Fixed Win,Dabble,2.35,Error
6/20/2025 16:41,murray bridge,Greyhounds,5,4,BINNAWAY MIRAGE,CASH,Fixed Win,Betr,2.35,Success
6/20/2025 16:41,murray bridge,Greyhounds,5,4,BINNAWAY MIRAGE,CASH,Fixed Win,BetRight,2.21,Error
6/20/2025 16:39,wagga,Harness,8,6,DONEGAL LUTHER NZ,CASH,Fixed Win,TAB,2.6,Error
6/20/2025 16:38,wagga,Harness,8,6,DONEGAL LUTHER NZ,CASH,Fixed Win,BetRight,2.6,Error
6/20/2025 16:36,q1 lakeside,Greyhounds,5,4,MISTY RICO,CASH,Fixed Win,Dabble,4.8,Success
6/20/2025 16:36,q1 lakeside,Greyhounds,5,4,MISTY RICO,CASH,Fixed Win,TAB,4.6,Error
6/20/2025 16:35,wagga,Harness,8,4,CARLO GAMBINO NZ,CASH,Fixed Win,TAB,13,Error
6/20/2025 16:34,wagga,Harness,8,3,SKITTLE BOMB NZ,CASH,Fixed Win,TAB,19,Error
6/20/2025 16:24,q1 lakeside,Greyhounds,5,4,MISTY RICO,CASH,Fixed Win,Sportsbet,6,Success
6/20/2025 16:11,q1 lakeside,Greyhounds,4,3,DAINTREE TOMMY,CASH,Fixed Win,Tabtouch,16,Error
6/20/2025 16:11,q1 lakeside,Greyhounds,4,3,DAINTREE TOMMY,CASH,Fixed Win,TAB,16,Error
6/20/2025 16:11,q1 lakeside,Greyhounds,4,3,DAINTREE TOMMY,CASH,Fixed Win,Betr,17,Error
6/20/2025 16:11,q1 lakeside,Greyhounds,4,3,DAINTREE TOMMY,CASH,Fixed Win,Sportsbet,17,Error
6/20/2025 16:11,q1 lakeside,Greyhounds,4,3,DAINTREE TOMMY,CASH,Fixed Win,Dabble,19,Error
6/20/2025 16:06,murray bridge,Greyhounds,3,7,PRINCESS CORDITE,CASH,Fixed Win,Sportsbet,5,Error
6/20/2025 16:06,murray bridge,Greyhounds,3,7,PRINCESS CORDITE,CASH,Fixed Win,Dabble,5.5,Error
6/20/2025 16:06,murray bridge,Greyhounds,3,7,PRINCESS CORDITE,CASH,Fixed Win,BetRight,4.8,Error
6/20/2025 16:01,townsville,Greyhounds,12,4,NOBU LAD,CASH,Fixed Win,BetRight,19,Error
6/20/2025 15:48,wagga,Harness,7,4,BUSINESS IN HEAVEN,CASH,Fixed Win,Tabtouch,1.6,Success
6/20/2025 15:48,wagga,Harness,7,4,BUSINESS IN HEAVEN,CASH,Fixed Win,Dabble,1.55,Success
6/20/2025 15:48,wagga,Harness,7,4,BUSINESS IN HEAVEN,CASH,Fixed Win,Betr,1.55,Success
6/20/2025 15:46,goulburn,Greyhounds,11,3,PROMISES THREE,CASH,Fixed Win,Tabtouch,3.8,Error
6/20/2025 15:46,goulburn,Greyhounds,11,3,PROMISES THREE,CASH,Fixed Win,Dabble,3.8,Error
6/20/2025 15:46,goulburn,Greyhounds,11,3,PROMISES THREE,CASH,Fixed Win,Betr,3.8,Error
6/20/2025 15:46,goulburn,Greyhounds,11,3,PROMISES THREE,CASH,Fixed Win,TAB,3.9,Error
6/20/2025 15:46,goulburn,Greyhounds,11,3,PROMISES THREE,CASH,Fixed Win,BetRight,3.8,Error
6/20/2025 15:40,townsville,Greyhounds,11,4,HARA'S HOLLY,CASH,Fixed Win,Sportsbet,4.6,Error
6/20/2025 15:37,mildura,Harness,6,9,TO THE NINES,CASH,Fixed Win,Dabble,2.1,Error
6/20/2025 15:37,mildura,Harness,6,9,TO THE NINES,CASH,Fixed Win,Sportsbet,2.25,Error
6/20/2025 15:37,mildura,Harness,6,9,TO THE NINES,CASH,Fixed Win,Betr,2.25,Error
6/20/2025 15:36,mildura,Harness,6,9,TO THE NINES,CASH,Fixed Win,Tabtouch,2.35,Error
6/20/2025 15:28,murray bridge,Greyhounds,1,7,TILLEY SWAMP,CASH,Fixed Win,BetRight,1.7,Error
6/20/2025 15:28,murray bridge,Greyhounds,1,7,TILLEY SWAMP,CASH,Fixed Win,Tabtouch,1.75,Error
6/20/2025 15:28,murray bridge,Greyhounds,1,7,TILLEY SWAMP,CASH,Fixed Win,Betr,1.85,Error
6/20/2025 15:27,murray bridge,Greyhounds,1,7,TILLEY SWAMP,CASH,Fixed Win,TAB,1.9,Error
6/20/2025 15:27,murray bridge,Greyhounds,1,7,TILLEY SWAMP,CASH,Fixed Win,Sportsbet,1.75,Error
6/20/2025 15:27,murray bridge,Greyhounds,1,7,TILLEY SWAMP,CASH,Fixed Win,Dabble,1.9,Error
6/20/2025 15:24,warragul,Greyhounds,2,2,STANLEY STAFF,CASH,Fixed Win,TAB,10,Success
6/20/2025 15:24,warragul,Greyhounds,2,2,STANLEY STAFF,CASH,Fixed Win,Betr,9,Error
6/20/2025 15:23,warragul,Greyhounds,2,5,CRIMSON PIRATE,CASH,Fixed Win,TAB,6,Error
6/20/2025 15:23,warragul,Greyhounds,2,5,CRIMSON PIRATE,CASH,Fixed Win,Sportsbet,6,Error
6/20/2025 15:16,townsville,Greyhounds,10,4,GOLDEN SNITCH,CASH,Fixed Win,Sportsbet,9,Error
6/20/2025 15:11,the gardens,Greyhounds,1,7,BARB'S IRON DUKE,CASH,Fixed Win,BetRight,26,Error
6/20/2025 15:11,the gardens,Greyhounds,1,7,BARB'S IRON DUKE,CASH,Fixed Win,Betr,34,Success
6/20/2025 15:11,the gardens,Greyhounds,1,7,BARB'S IRON DUKE,CASH,Fixed Win,Dabble,34,Success
6/20/2025 15:11,the gardens,Greyhounds,1,5,NATURE BOY,CASH,Fixed Win,Tabtouch,5.5,Error
6/20/2025 15:11,the gardens,Greyhounds,1,5,NATURE BOY,CASH,Fixed Win,Sportsbet,6,Success
6/20/2025 15:11,the gardens,Greyhounds,1,5,NATURE BOY,CASH,Fixed Win,Dabble,6,Success
6/20/2025 15:11,the gardens,Greyhounds,1,7,BARB'S IRON DUKE,CASH,Fixed Win,TAB,34,Error
6/20/2025 15:04,warragul,Greyhounds,1,6,HELD FOR RANSOM,CASH,Fixed Win,Sportsbet,4.4,Error
6/20/2025 15:04,warragul,Greyhounds,1,6,HELD FOR RANSOM,CASH,Fixed Win,BetRight,4.2,Error
6/20/2025 15:04,warragul,Greyhounds,1,6,HELD FOR RANSOM,CASH,Fixed Win,Tabtouch,4.8,Error
6/20/2025 15:04,warragul,Greyhounds,1,6,HELD FOR RANSOM,CASH,Fixed Win,TAB,5,Success
6/20/2025 15:04,warragul,Greyhounds,1,6,HELD FOR RANSOM,CASH,Fixed Win,Dabble,4.8,Error
6/20/2025 15:04,warragul,Greyhounds,1,6,HELD FOR RANSOM,CASH,Fixed Win,Betr,4.8,Error
6/20/2025 15:00,mildura,Harness,5,4,CHEERS POVERTY,CASH,Fixed Win,TAB,5.5,Error
6/20/2025 15:00,mildura,Harness,5,4,CHEERS POVERTY,CASH,Fixed Win,Dabble,5.5,Error
6/20/2025 14:57,mildura,Harness,5,3,RONZEL MICKY,CASH,Fixed Win,Tabtouch,2.9,Error
6/20/2025 14:57,mildura,Harness,5,3,RONZEL MICKY,CASH,Fixed Win,TAB,2.9,Error
6/20/2025 14:57,mildura,Harness,5,3,RONZEL MICKY,CASH,Fixed Win,Sportsbet,3,Success
6/20/2025 14:57,mildura,Harness,5,3,RONZEL MICKY,CASH,Fixed Win,Dabble,2.85,Error
6/20/2025 14:57,mildura,Harness,5,3,RONZEL MICKY,CASH,Fixed Win,BetRight,2.8,Error
6/20/2025 14:57,mildura,Harness,5,3,RONZEL MICKY,CASH,Fixed Win,Betr,2.85,Error
6/20/2025 14:47,goulburn,Greyhounds,8,3,SAINT OMAGH,CASH,Fixed Win,Betr,1.5,Success
6/20/2025 14:46,goulburn,Greyhounds,8,3,SAINT OMAGH,CASH,Fixed Win,Tabtouch,1.45,Error
6/20/2025 14:46,goulburn,Greyhounds,8,3,SAINT OMAGH,CASH,Fixed Win,TAB,1.45,Error
6/20/2025 14:46,goulburn,Greyhounds,8,3,SAINT OMAGH,CASH,Fixed Win,BetRight,1.45,Error
6/20/2025 14:35,healesville,Greyhounds,12,4,ASSUME KEALY,CASH,Fixed Win,Tabtouch,5.5,Error
6/20/2025 14:35,healesville,Greyhounds,12,4,ASSUME KEALY,CASH,Fixed Win,TAB,4.6,Error
6/20/2025 14:35,healesville,Greyhounds,12,4,ASSUME KEALY,CASH,Fixed Win,Dabble,5.5,Error
6/20/2025 14:35,healesville,Greyhounds,12,4,ASSUME KEALY,CASH,Fixed Win,Betr,5.5,Error
6/20/2025 14:34,healesville,Greyhounds,12,4,ASSUME KEALY,CASH,Fixed Win,Sportsbet,5.5,Error
6/20/2025 14:24,goulburn,Greyhounds,7,5,DIG DEEP RUPEE,CASH,Fixed Win,Tabtouch,12,Error
6/20/2025 14:24,goulburn,Greyhounds,7,5,DIG DEEP RUPEE,CASH,Fixed Win,TAB,12,Error
6/20/2025 14:24,goulburn,Greyhounds,7,5,DIG DEEP RUPEE,CASH,Fixed Win,Dabble,13,Success
6/20/2025 14:24,goulburn,Greyhounds,7,5,DIG DEEP RUPEE,CASH,Fixed Win,Betr,11,Error
6/20/2025 14:23,goulburn,Greyhounds,7,5,DIG DEEP RUPEE,CASH,Fixed Win,Sportsbet,13,Error
6/20/2025 14:21,townsville,Greyhounds,7,6,CLASSIC EMGRAND,CASH,Fixed Win,BetRight,21,Error
6/20/2025 14:21,townsville,Greyhounds,7,5,CANYA KING SETI,CASH,Fixed Win,Sportsbet,2.3,Error
6/20/2025 14:16,mildura,Harness,4,8,FLAME BLASTER,CASH,Fixed Win,TAB,9.5,Error
6/20/2025 14:09,goulburn,Greyhounds,6,8,DIG DEEP INDY,CASH,Fixed Win,Tabtouch,11,Success
6/20/2025 14:09,goulburn,Greyhounds,6,8,DIG DEEP INDY,CASH,Fixed Win,Dabble,11,Success
6/20/2025 14:04,goulburn,Greyhounds,6,8,DIG DEEP INDY,CASH,Fixed Win,Sportsbet,13,Success
6/20/2025 14:03,goulburn,Greyhounds,6,3,CHARLI'S BEGONIA,CASH,Fixed Win,Sportsbet,3.9,Success
6/20/2025 14:01,wagga,Harness,4,3,MOP NZ,CASH,Fixed Win,TAB,13,Error
6/20/2025 13:44,mildura,Harness,3,3,CORZAN DRAMA,CASH,Fixed Win,TAB,26,Error
6/20/2025 13:44,mildura,Harness,3,3,CORZAN DRAMA,CASH,Fixed Win,Sportsbet,31,Error
6/20/2025 13:44,mildura,Harness,3,3,CORZAN DRAMA,CASH,Fixed Win,BetRight,26,Error
6/20/2025 13:44,mildura,Harness,3,3,CORZAN DRAMA,CASH,Fixed Win,Betr,26,Error
6/20/2025 13:33,healesville,Greyhounds,9,10,BULLSEYE BOB,CASH,Fixed Win,BetRight,10,Error
6/20/2025 13:33,healesville,Greyhounds,9,5,REDGUM WARS,CASH,Fixed Win,Tabtouch,2.15,Success
6/20/2025 13:33,healesville,Greyhounds,9,5,REDGUM WARS,CASH,Fixed Win,BetRight,1.95,Error
6/20/2025 13:33,healesville,Greyhounds,9,5,REDGUM WARS,CASH,Fixed Win,Sportsbet,2,Error
6/20/2025 13:33,healesville,Greyhounds,9,5,REDGUM WARS,CASH,Fixed Win,TAB,1.95,Error
6/20/2025 13:33,healesville,Greyhounds,9,5,REDGUM WARS,CASH,Fixed Win,Betr,2.15,Error
6/20/2025 13:33,healesville,Greyhounds,9,5,REDGUM WARS,CASH,Fixed Win,Dabble,2.15,Error
6/20/2025 13:30,townsville,Greyhounds,4,3,EVEN BACKWARDS,CASH,Fixed Win,Betr,14,Error
6/20/2025 13:29,townsville,Greyhounds,4,3,EVEN BACKWARDS,CASH,Fixed Win,TAB,13,Error
6/20/2025 13:28,townsville,Greyhounds,4,3,EVEN BACKWARDS,CASH,Fixed Win,Dabble,18,Success
6/20/2025 13:28,townsville,Greyhounds,4,3,EVEN BACKWARDS,CASH,Fixed Win,Sportsbet,19,Success
6/20/2025 13:20,goulburn,Greyhounds,4,6,BLOODLINE,CASH,Fixed Win,Tabtouch,19,Error
6/20/2025 13:20,goulburn,Greyhounds,4,6,BLOODLINE,CASH,Fixed Win,TAB,21,Success
6/20/2025 13:20,goulburn,Greyhounds,4,6,BLOODLINE,CASH,Fixed Win,Sportsbet,19,Error
6/20/2025 13:20,goulburn,Greyhounds,4,6,BLOODLINE,CASH,Fixed Win,Dabble,21,Success
6/20/2025 13:20,goulburn,Greyhounds,4,6,BLOODLINE,CASH,Fixed Win,Betr,21,Success
6/20/2025 13:15,healesville,Greyhounds,8,2,KING CHERRY,CASH,Fixed Win,Tabtouch,1.55,Error
6/20/2025 13:14,healesville,Greyhounds,8,2,KING CHERRY,CASH,Fixed Win,TAB,1.55,Error
6/20/2025 13:14,healesville,Greyhounds,8,2,KING CHERRY,CASH,Fixed Win,BetRight,1.55,Error
6/20/2025 13:11,healesville,Greyhounds,8,4,SPECIAL SIAN,CASH,Fixed Win,Sportsbet,13,Error
6/20/2025 13:11,healesville,Greyhounds,8,4,SPECIAL SIAN,CASH,Fixed Win,Dabble,15,Success
6/20/2025 13:11,healesville,Greyhounds,8,4,SPECIAL SIAN,CASH,Fixed Win,Betr,15,Success
6/20/2025 13:11,townsville,Greyhounds,3,3,KEWARRA BEACH,CASH,Fixed Win,Tabtouch,23,Error
6/20/2025 13:11,townsville,Greyhounds,3,3,KEWARRA BEACH,CASH,Fixed Win,Dabble,31,Success
6/20/2025 13:10,townsville,Greyhounds,3,3,KEWARRA BEACH,CASH,Fixed Win,Sportsbet,26,Error
6/20/2025 13:10,townsville,Greyhounds,3,3,KEWARRA BEACH,CASH,Fixed Win,TAB,31,Error
6/20/2025 13:10,townsville,Greyhounds,3,3,KEWARRA BEACH,CASH,Fixed Win,BetRight,26,Error
6/20/2025 13:10,townsville,Greyhounds,3,3,KEWARRA BEACH,CASH,Fixed Win,Betr,29,Error
6/20/2025 13:10,townsville,Greyhounds,3,4,HARA'S SERENA,CASH,Fixed Win,Tabtouch,6,Success
6/20/2025 13:10,townsville,Greyhounds,3,4,HARA'S SERENA,CASH,Fixed Win,BetRight,5.5,Error
6/20/2025 13:10,townsville,Greyhounds,3,2,FREDDY DODGE,CASH,Fixed Win,Tabtouch,6.5,Success
6/20/2025 13:10,townsville,Greyhounds,3,2,FREDDY DODGE,CASH,Fixed Win,Sportsbet,6.5,Success
6/20/2025 13:09,townsville,Greyhounds,3,2,FREDDY DODGE,CASH,Fixed Win,TAB,6,Error
6/20/2025 13:09,townsville,Greyhounds,3,2,FREDDY DODGE,CASH,Fixed Win,Dabble,6.5,Success
6/20/2025 13:09,townsville,Greyhounds,3,2,FREDDY DODGE,CASH,Fixed Win,Betr,6.5,Success
6/20/2025 13:09,townsville,Greyhounds,3,4,HARA'S SERENA,CASH,Fixed Win,TAB,5.5,Error
6/20/2025 13:09,townsville,Greyhounds,3,4,HARA'S SERENA,CASH,Fixed Win,Dabble,6.5,Success
6/20/2025 13:09,townsville,Greyhounds,3,4,HARA'S SERENA,CASH,Fixed Win,Betr,6.5,Success
6/20/2025 13:09,townsville,Greyhounds,3,4,HARA'S SERENA,CASH,Fixed Win,Sportsbet,6,Error
6/20/2025 13:08,healesville,Greyhounds,8,4,SPECIAL SIAN,CASH,Fixed Win,TAB,15,Error
6/20/2025 13:05,goulburn,Greyhounds,3,7,ROCKABYE BABY,CASH,Fixed Win,BetRight,5.25,Error
6/20/2025 13:05,goulburn,Greyhounds,3,7,ROCKABYE BABY,CASH,Fixed Win,Betr,5.5,Error
6/20/2025 13:05,goulburn,Greyhounds,3,7,ROCKABYE BABY,CASH,Fixed Win,Sportsbet,6,Error
6/20/2025 12:53,townsville,Greyhounds,2,2,DEMISTER,CASH,Fixed Win,Sportsbet,9,Success
6/20/2025 12:53,townsville,Greyhounds,2,2,DEMISTER,CASH,Fixed Win,TAB,8.5,Error
6/20/2025 12:52,wagga,Harness,2,6,REWATCH,CASH,Fixed Win,TAB,1.04,Error
6/20/2025 12:52,wagga,Harness,2,6,REWATCH,CASH,Fixed Win,BetRight,1.08,Error
6/20/2025 12:46,healesville,Greyhounds,7,5,SUPER SEALANT,CASH,Fixed Win,Betr,10,Success
6/20/2025 12:46,healesville,Greyhounds,7,4,ZINZAN HOLLY,CASH,Fixed Win,TAB,51,Error
6/20/2025 12:45,healesville,Greyhounds,7,3,JEWEL MAGIC,CASH,Fixed Win,TAB,3.8,Error
6/20/2025 12:45,healesville,Greyhounds,7,3,JEWEL MAGIC,CASH,Fixed Win,Sportsbet,3.7,Error
6/20/2025 12:45,healesville,Greyhounds,7,3,JEWEL MAGIC,CASH,Fixed Win,Dabble,3.6,Error
6/20/2025 12:45,healesville,Greyhounds,7,3,JEWEL MAGIC,CASH,Fixed Win,BetRight,3.7,Error
6/20/2025 12:45,healesville,Greyhounds,7,7,SILVER COIN,CASH,Fixed Win,TAB,11,Error
6/20/2025 12:45,healesville,Greyhounds,7,7,SILVER COIN,CASH,Fixed Win,Sportsbet,13,Error
6/20/2025 12:45,healesville,Greyhounds,7,7,SILVER COIN,CASH,Fixed Win,Dabble,13,Error
6/20/2025 12:42,healesville,Greyhounds,7,5,SUPER SEALANT,CASH,Fixed Win,TAB,12,Error
6/20/2025 12:42,healesville,Greyhounds,7,5,SUPER SEALANT,CASH,Fixed Win,Dabble,12,Success
6/20/2025 12:41,healesville,Greyhounds,7,6,REIKO BENNY,CASH,Fixed Win,Tabtouch,3.8,Error
6/20/2025 12:41,healesville,Greyhounds,7,5,SUPER SEALANT,CASH,Fixed Win,Sportsbet,12,Error
6/20/2025 12:41,healesville,Greyhounds,7,6,REIKO BENNY,CASH,Fixed Win,TAB,3.6,Error
6/20/2025 12:41,healesville,Greyhounds,7,6,REIKO BENNY,CASH,Fixed Win,Betr,3.8,Error
6/20/2025 12:41,healesville,Greyhounds,7,6,REIKO BENNY,CASH,Fixed Win,Dabble,3.8,Error
6/20/2025 12:40,healesville,Greyhounds,7,6,REIKO BENNY,CASH,Fixed Win,Sportsbet,4.4,Success
6/20/2025 12:38,goulburn,Greyhounds,2,6,BANDIT QUINN,CASH,Fixed Win,Tabtouch,15,Error
6/20/2025 12:38,goulburn,Greyhounds,2,6,BANDIT QUINN,CASH,Fixed Win,Dabble,17,Error
6/20/2025 12:38,goulburn,Greyhounds,2,6,BANDIT QUINN,CASH,Fixed Win,Betr,16,Error
6/20/2025 12:29,healesville,Greyhounds,6,4,INTERCEPT QUEEN,CASH,Fixed Win,Dabble,9,Success
6/20/2025 12:28,healesville,Greyhounds,6,4,INTERCEPT QUEEN,CASH,Fixed Win,Sportsbet,9,Error
6/20/2025 12:28,healesville,Greyhounds,6,4,INTERCEPT QUEEN,CASH,Fixed Win,TAB,9,Error
6/20/2025 11:54,healesville,Greyhounds,4,3,CAPTAIN STEVIE,CASH,Fixed Win,Tabtouch,4.6,Success
6/20/2025 11:54,healesville,Greyhounds,4,3,CAPTAIN STEVIE,CASH,Fixed Win,TAB,4.6,Success
6/20/2025 11:54,healesville,Greyhounds,4,3,CAPTAIN STEVIE,CASH,Fixed Win,Dabble,4.8,Success
6/20/2025 11:54,healesville,Greyhounds,4,3,CAPTAIN STEVIE,CASH,Fixed Win,Betr,4.6,Success
6/20/2025 11:53,healesville,Greyhounds,4,3,CAPTAIN STEVIE,CASH,Fixed Win,Sportsbet,4.8,Success
6/20/2025 11:41,healesville,Greyhounds,3,6,LITTLE NARLA,CASH,Fixed Win,Sportsbet,2.2,Error
6/20/2025 11:40,healesville,Greyhounds,3,6,LITTLE NARLA,CASH,Fixed Win,Tabtouch,2.2,Error
6/20/2025 11:40,healesville,Greyhounds,3,6,LITTLE NARLA,CASH,Fixed Win,Dabble,2.2,Error
6/20/2025 11:40,healesville,Greyhounds,3,6,LITTLE NARLA,CASH,Fixed Win,BetRight,2.21,Error
6/20/2025 11:40,healesville,Greyhounds,3,6,LITTLE NARLA,CASH,Fixed Win,Betr,2.25,Success
6/20/2025 11:40,healesville,Greyhounds,3,6,LITTLE NARLA,CASH,Fixed Win,TAB,2.3,Error
6/19/2025 22:18,mandurah,Greyhounds,7,2,MASQUERADE PARTY,CASH,Fixed Win,Tabtouch,2.7,Error
6/19/2025 22:18,mandurah,Greyhounds,7,2,MASQUERADE PARTY,CASH,Fixed Win,TAB,2.9,Error
6/19/2025 22:18,mandurah,Greyhounds,7,2,MASQUERADE PARTY,CASH,Fixed Win,Sportsbet,3.4,Success
6/19/2025 22:18,mandurah,Greyhounds,7,2,MASQUERADE PARTY,CASH,Fixed Win,PlayUp,3.4,Success
6/19/2025 22:18,mandurah,Greyhounds,7,2,MASQUERADE PARTY,CASH,Fixed Win,Dabble,3.4,Success
6/19/2025 22:18,mandurah,Greyhounds,7,2,MASQUERADE PARTY,CASH,Fixed Win,BetRight,2.9,Error
6/19/2025 22:06,mandurah,Greyhounds,6,4,OSPREY WIZARD,CASH,Fixed Win,TAB,4.6,Error
6/19/2025 22:06,mandurah,Greyhounds,6,4,OSPREY WIZARD,CASH,Fixed Win,Sportsbet,4.8,Error
6/19/2025 22:06,mandurah,Greyhounds,6,4,OSPREY WIZARD,CASH,Fixed Win,PlayUp,4.8,Error
6/19/2025 22:06,mandurah,Greyhounds,6,4,OSPREY WIZARD,CASH,Fixed Win,Dabble,4.8,Error
6/19/2025 22:06,mandurah,Greyhounds,6,4,OSPREY WIZARD,CASH,Fixed Win,Betr,4.8,Error
6/19/2025 22:06,q2 parklands,Greyhounds,11,7,VELARIS,CASH,Fixed Win,TAB,21,Error
6/19/2025 22:06,q2 parklands,Greyhounds,11,4,ELECTRIC MAN,CASH,Fixed Win,PlayUp,23,Success
6/19/2025 22:06,q2 parklands,Greyhounds,11,4,ELECTRIC MAN,CASH,Fixed Win,Betr,20,Error
6/19/2025 22:05,mandurah,Greyhounds,6,4,OSPREY WIZARD,CASH,Fixed Win,BetRight,5.25,Error
6/19/2025 22:05,dapto,Greyhounds,9,7,RAINING BOURBON,CASH,Fixed Win,BetRight,4.8,Error
6/19/2025 22:03,q2 parklands,Greyhounds,11,4,ELECTRIC MAN,CASH,Fixed Win,TAB,26,Success
6/19/2025 22:01,q2 parklands,Greyhounds,11,2,BATHTUB SPLASHER,CASH,Fixed Win,TAB,7,Success
6/19/2025 21:52,mandurah,Greyhounds,5,5,FULL OF SUPRISES,CASH,Fixed Win,BetRight,15,Error
6/19/2025 21:50,angle park,Greyhounds,9,5,JUBILANT,CASH,Fixed Win,Tabtouch,9,Error
6/19/2025 21:50,angle park,Greyhounds,9,5,JUBILANT,CASH,Fixed Win,Sportsbet,12,Success
6/19/2025 21:50,angle park,Greyhounds,9,5,JUBILANT,CASH,Fixed Win,PlayUp,12,Success
6/19/2025 21:50,angle park,Greyhounds,9,5,JUBILANT,CASH,Fixed Win,Dabble,12,Success
6/19/2025 21:50,angle park,Greyhounds,9,5,JUBILANT,CASH,Fixed Win,Betr,12,Success
6/19/2025 21:50,angle park,Greyhounds,9,5,JUBILANT,CASH,Fixed Win,BetRight,11,Error
6/19/2025 21:46,penrith,Harness,9,9,KINGSTON RAINBOW,CASH,Fixed Win,Tabtouch,41,Success
6/19/2025 21:46,penrith,Harness,9,9,KINGSTON RAINBOW,CASH,Fixed Win,Sportsbet,51,Success
6/19/2025 21:43,penrith,Harness,9,7,DECIPHER,CASH,Fixed Win,Tabtouch,15,Error
6/19/2025 21:43,penrith,Harness,9,7,DECIPHER,CASH,Fixed Win,Sportsbet,15,Error
6/19/2025 21:43,penrith,Harness,9,7,DECIPHER,CASH,Fixed Win,Dabble,17,Success
6/19/2025 21:43,penrith,Harness,9,7,DECIPHER,CASH,Fixed Win,Betr,17,Success
6/19/2025 21:27,hobart,Greyhounds,8,3,MIGHTY QUINN,CASH,Fixed Win,BetRight,4.8,Error
6/19/2025 21:25,hobart,Greyhounds,8,8,SUPREME LEADER,CASH,Fixed Win,Tabtouch,3.5,Success
6/19/2025 21:25,hobart,Greyhounds,8,8,SUPREME LEADER,CASH,Fixed Win,Sportsbet,3.5,Success
6/19/2025 21:25,hobart,Greyhounds,8,8,SUPREME LEADER,CASH,Fixed Win,PlayUp,1,Error
6/19/2025 21:25,hobart,Greyhounds,8,8,SUPREME LEADER,CASH,Fixed Win,Dabble,3.4,Error
6/19/2025 21:25,hobart,Greyhounds,8,8,SUPREME LEADER,CASH,Fixed Win,BetRight,3.2,Error
6/19/2025 21:25,hobart,Greyhounds,8,8,SUPREME LEADER,CASH,Fixed Win,Betr,3.4,Error
6/19/2025 21:22,dapto,Greyhounds,7,5,SIRIUS MERAKI,CASH,Fixed Win,BetRight,51,Success
6/19/2025 21:12,penrith,Harness,8,9,MEMPHIS FURY,CASH,Fixed Win,PlayUp,6.5,Success
6/19/2025 21:10,hobart,Greyhounds,7,7,JUNGLE BOOGIE,CASH,Fixed Win,BetRight,11,Error
6/19/2025 21:09,penrith,Harness,8,9,MEMPHIS FURY,CASH,Fixed Win,Tabtouch,8.5,Error
6/19/2025 21:09,penrith,Harness,8,9,MEMPHIS FURY,CASH,Fixed Win,Sportsbet,8.5,Error
6/19/2025 21:09,penrith,Harness,8,9,MEMPHIS FURY,CASH,Fixed Win,Dabble,9,Success
6/19/2025 21:09,penrith,Harness,8,8,GOTTADOBETTOR,CASH,Fixed Win,Sportsbet,34,Error
6/19/2025 21:09,penrith,Harness,8,8,GOTTADOBETTOR,CASH,Fixed Win,Dabble,41,Error
6/19/2025 21:09,penrith,Harness,8,9,MEMPHIS FURY,CASH,Fixed Win,TAB,8.5,Error
6/19/2025 21:09,penrith,Harness,8,9,MEMPHIS FURY,CASH,Fixed Win,BetRight,8.5,Error
6/19/2025 21:06,penrith,Harness,8,1,RIPSTONE SNORTER,CASH,Fixed Win,Sportsbet,6,Success
6/19/2025 21:06,penrith,Harness,8,1,RIPSTONE SNORTER,CASH,Fixed Win,Dabble,5.5,Error
6/19/2025 21:06,penrith,Harness,8,1,RIPSTONE SNORTER,CASH,Fixed Win,Betr,5.5,Error
6/19/2025 21:05,penrith,Harness,8,1,RIPSTONE SNORTER,CASH,Fixed Win,TAB,5.5,Error
6/19/2025 21:04,warrnambool,Greyhounds,12,6,NAPIER BALE,CASH,Fixed Win,TAB,3.1,Error
6/19/2025 21:04,warrnambool,Greyhounds,12,6,NAPIER BALE,CASH,Fixed Win,BetRight,3.1,Error
6/19/2025 21:00,q2 parklands,Greyhounds,8,7,ETHANOL WATER,CASH,Fixed Win,PlayUp,2.9,Success
6/19/2025 20:54,q2 parklands,Greyhounds,8,1,APILLA,CASH,Fixed Win,Sportsbet,3.5,Success
6/19/2025 20:54,q2 parklands,Greyhounds,8,1,APILLA,CASH,Fixed Win,Dabble,3.5,Success
6/19/2025 20:52,q2 parklands,Greyhounds,8,5,RAIDER'S GUIDE,CASH,Fixed Win,TAB,3.7,Success
6/19/2025 20:52,q2 parklands,Greyhounds,8,5,RAIDER'S GUIDE,CASH,Fixed Win,PlayUp,3.7,Success
6/19/2025 20:50,mandurah,Greyhounds,2,1,TRICEP KING,CASH,Fixed Win,Tabtouch,13,Error
6/19/2025 20:50,mandurah,Greyhounds,2,1,TRICEP KING,CASH,Fixed Win,Sportsbet,13,Error
6/19/2025 20:50,mandurah,Greyhounds,2,1,TRICEP KING,CASH,Fixed Win,Betr,14,Success
6/19/2025 20:46,wentworth park,Greyhounds,6,2,BLUE LINKIN,CASH,Fixed Win,TAB,4.4,Error
6/19/2025 20:43,penrith,Harness,7,2,CHARLIES ACE NZ,CASH,Fixed Win,TAB,2.6,Error
6/19/2025 20:43,penrith,Harness,7,2,CHARLIES ACE NZ,CASH,Fixed Win,Dabble,2.7,Error
6/19/2025 20:43,wentworth park,Greyhounds,6,2,BLUE LINKIN,CASH,Fixed Win,PlayUp,4.8,Success
6/19/2025 20:43,wentworth park,Greyhounds,6,2,BLUE LINKIN,CASH,Fixed Win,Betr,4.8,Success
6/19/2025 20:41,warrnambool,Greyhounds,11,1,RABADA,CASH,Fixed Win,Sportsbet,4.4,Success
6/19/2025 20:41,warrnambool,Greyhounds,11,1,RABADA,CASH,Fixed Win,BetRight,4.4,Error
6/19/2025 20:40,penrith,Harness,7,2,CHARLIES ACE NZ,CASH,Fixed Win,BetRight,3.2,Error
6/19/2025 20:38,q2 parklands,Greyhounds,7,4,TIM ZOO,CASH,Fixed Win,TAB,3.7,Success
6/19/2025 20:32,mandurah,Greyhounds,1,2,MISS DAISY DUKE,CASH,Fixed Win,Sportsbet,41,Error
6/19/2025 20:32,mandurah,Greyhounds,1,2,MISS DAISY DUKE,CASH,Fixed Win,Dabble,51,Success
6/19/2025 20:29,mandurah,Greyhounds,1,2,MISS DAISY DUKE,CASH,Fixed Win,TAB,51,Error
6/19/2025 20:28,hobart,Greyhounds,5,9,WHALED IT,CASH,Fixed Win,Tabtouch,18,Success
6/19/2025 20:28,hobart,Greyhounds,5,9,WHALED IT,CASH,Fixed Win,PlayUp,1,Error
6/19/2025 20:28,hobart,Greyhounds,5,9,WHALED IT,CASH,Fixed Win,Betr,18,Error
6/19/2025 20:28,hobart,Greyhounds,5,9,WHALED IT,CASH,Fixed Win,Dabble,18,Error
6/19/2025 20:28,hobart,Greyhounds,5,9,WHALED IT,CASH,Fixed Win,TAB,17,Error
6/19/2025 20:25,wentworth park,Greyhounds,5,6,SAMMY'S BEACH,CASH,Fixed Win,TAB,16,Success
6/19/2025 20:25,wentworth park,Greyhounds,5,6,SAMMY'S BEACH,CASH,Fixed Win,Sportsbet,14,Error
6/19/2025 20:22,warrnambool,Greyhounds,10,1,BETTER BANJO,CASH,Fixed Win,TAB,1.8,Error
6/19/2025 20:19,q2 parklands,Greyhounds,6,6,PAW VORTEX,CASH,Fixed Win,TAB,12,Success
6/19/2025 20:19,q2 parklands,Greyhounds,6,7,INCONSPICUOUS,CASH,Fixed Win,Tabtouch,10,Error
6/19/2025 20:19,q2 parklands,Greyhounds,6,7,INCONSPICUOUS,CASH,Fixed Win,TAB,10,Error
6/19/2025 20:19,q2 parklands,Greyhounds,6,7,INCONSPICUOUS,CASH,Fixed Win,PlayUp,12,Success
6/19/2025 20:19,q2 parklands,Greyhounds,6,7,INCONSPICUOUS,CASH,Fixed Win,Dabble,11,Success
6/19/2025 20:18,q2 parklands,Greyhounds,6,7,INCONSPICUOUS,CASH,Fixed Win,Betr,11,Success
6/19/2025 20:18,q2 parklands,Greyhounds,6,3,DRINK TINS,CASH,Fixed Win,TAB,34,Success
6/19/2025 20:15,dapto,Greyhounds,4,6,MOTOR CITY MINI,CASH,Fixed Win,Sportsbet,21,Error
6/19/2025 20:15,dapto,Greyhounds,4,6,MOTOR CITY MINI,CASH,Fixed Win,Dabble,23,Success
6/19/2025 20:15,dapto,Greyhounds,4,6,MOTOR CITY MINI,CASH,Fixed Win,Betr,23,Success
6/19/2025 20:13,penrith,Harness,6,8,BETTING STAR,CASH,Fixed Win,TAB,7,Error
6/19/2025 20:13,penrith,Harness,6,8,BETTING STAR,CASH,Fixed Win,BetRight,7.5,Error
6/19/2025 20:09,penrith,Harness,6,3,BLISSES BEST,CASH,Fixed Win,TAB,8,Success
6/19/2025 20:09,penrith,Harness,6,3,BLISSES BEST,CASH,Fixed Win,Sportsbet,7.5,Error
6/19/2025 20:09,penrith,Harness,6,3,BLISSES BEST,CASH,Fixed Win,Dabble,8,Success
6/19/2025 20:09,penrith,Harness,6,3,BLISSES BEST,CASH,Fixed Win,BetRight,7.5,Error
6/19/2025 20:08,penrith,Harness,6,9,STELLINA,CASH,Fixed Win,TAB,11,Error
6/19/2025 20:08,penrith,Harness,6,9,STELLINA,CASH,Fixed Win,PlayUp,12,Success
6/19/2025 20:08,penrith,Harness,6,9,STELLINA,CASH,Fixed Win,Betr,12,Success
6/19/2025 20:05,hobart,Greyhounds,4,6,CANYA SIYAN,CASH,Fixed Win,BetRight,41,Error
6/19/2025 20:04,penrith,Harness,6,9,STELLINA,CASH,Fixed Win,Sportsbet,13,Success
6/19/2025 20:04,penrith,Harness,6,9,STELLINA,CASH,Fixed Win,Dabble,13,Success
6/19/2025 19:54,kilmore,Harness,7,3,MAUDARCHY NZ,CASH,Fixed Win,PlayUp,15,Error
6/19/2025 19:54,kilmore,Harness,7,3,MAUDARCHY NZ,CASH,Fixed Win,BetRight,15,Error
6/19/2025 19:54,kilmore,Harness,7,3,MAUDARCHY NZ,CASH,Fixed Win,Tabtouch,16,Error
6/19/2025 19:54,kilmore,Harness,7,3,MAUDARCHY NZ,CASH,Fixed Win,Dabble,16.8,Error
6/19/2025 19:54,kilmore,Harness,7,3,MAUDARCHY NZ,CASH,Fixed Win,Betr,17,Error
6/19/2025 19:53,q2 parklands,Greyhounds,5,6,AFFLUENT,CASH,Fixed Win,TAB,31,Error
6/19/2025 19:53,q2 parklands,Greyhounds,5,3,BEAR'S BULLET,CASH,Fixed Win,TAB,26,Success
6/19/2025 19:52,kilmore,Harness,7,4,BLONDIES BLIS,CASH,Fixed Win,Sportsbet,31,Success
6/19/2025 19:51,kilmore,Harness,7,3,MAUDARCHY NZ,CASH,Fixed Win,TAB,21,Error
6/19/2025 19:51,kilmore,Harness,7,3,MAUDARCHY NZ,CASH,Fixed Win,Sportsbet,26,Success
6/19/2025 19:48,q2 parklands,Greyhounds,5,2,EXTREME TENSION,CASH,Fixed Win,TAB,9,Error
6/19/2025 19:40,hobart,Greyhounds,3,6,BE THE BEST,CASH,Fixed Win,TAB,23,Error
6/19/2025 19:36,wentworth park,Greyhounds,3,4,ZIPPING BUELLER,CASH,Fixed Win,TAB,11,Success
6/19/2025 19:36,wentworth park,Greyhounds,3,3,ALIRA,CASH,Fixed Win,BetRight,126,Success
6/19/2025 19:36,hobart,Greyhounds,3,5,MISS EVEREST,CASH,Fixed Win,Tabtouch,3.5,Error
6/19/2025 19:36,hobart,Greyhounds,3,5,MISS EVEREST,CASH,Fixed Win,TAB,3.4,Error
6/19/2025 19:36,hobart,Greyhounds,3,5,MISS EVEREST,CASH,Fixed Win,Sportsbet,3.6,Success
6/19/2025 19:36,hobart,Greyhounds,3,5,MISS EVEREST,CASH,Fixed Win,PlayUp,1,Error
6/19/2025 19:36,hobart,Greyhounds,3,5,MISS EVEREST,CASH,Fixed Win,Dabble,3.7,Error
6/19/2025 19:36,hobart,Greyhounds,3,5,MISS EVEREST,CASH,Fixed Win,Betr,3.7,Error
6/19/2025 19:29,q2 parklands,Greyhounds,4,7,WEST ON BOONIE,CASH,Fixed Win,TAB,8.5,Error
6/19/2025 19:29,q2 parklands,Greyhounds,4,6,RED DIRT ROAD,CASH,Fixed Win,TAB,4.2,Error
6/19/2025 19:27,kilmore,Harness,6,6,EVILEYE,CASH,Fixed Win,TAB,3.1,Error
6/19/2025 19:27,kilmore,Harness,6,6,EVILEYE,CASH,Fixed Win,BetRight,3,Error
6/19/2025 19:26,kilmore,Harness,6,7,ARE WEASLEY,CASH,Fixed Win,TAB,41,Error
6/19/2025 19:25,kilmore,Harness,6,1,THEROUX,CASH,Fixed Win,Tabtouch,81,Error
6/19/2025 19:23,kilmore,Harness,6,5,VINCENT GRANGE,CASH,Fixed Win,PlayUp,21,Success
6/19/2025 19:23,kilmore,Harness,6,1,THEROUX,CASH,Fixed Win,Dabble,101,Success
6/19/2025 19:22,kilmore,Harness,6,1,THEROUX,CASH,Fixed Win,TAB,101,Success
6/19/2025 19:22,kilmore,Harness,6,1,THEROUX,CASH,Fixed Win,Sportsbet,126,Success
6/19/2025 19:22,kilmore,Harness,6,1,THEROUX,CASH,Fixed Win,PlayUp,101,Success
6/19/2025 19:22,kilmore,Harness,6,1,THEROUX,CASH,Fixed Win,Betr,101,Success
6/19/2025 19:22,kilmore,Harness,6,5,VINCENT GRANGE,CASH,Fixed Win,TAB,23,Error
6/19/2025 19:22,kilmore,Harness,6,5,VINCENT GRANGE,CASH,Fixed Win,Dabble,26,Success
6/19/2025 19:22,kilmore,Harness,6,5,VINCENT GRANGE,CASH,Fixed Win,Betr,29,Success
6/19/2025 19:22,kilmore,Harness,6,5,VINCENT GRANGE,CASH,Fixed Win,Sportsbet,31,Success
6/19/2025 19:19,kilmore,Harness,6,6,EVILEYE,CASH,Fixed Win,Sportsbet,4.2,Success
6/19/2025 19:19,kilmore,Harness,6,6,EVILEYE,CASH,Fixed Win,Betr,4.2,Success
6/19/2025 19:19,wentworth park,Greyhounds,2,4,REBORN HOSTILITY,CASH,Fixed Win,PlayUp,6.5,Success
6/19/2025 19:10,warrnambool,Greyhounds,7,5,WESTSIDE WIZARD,CASH,Fixed Win,PlayUp,6,Success
6/19/2025 19:08,penrith,Harness,4,1,POLKA DELIGHT NZ,CASH,Fixed Win,TAB,26,Success
6/19/2025 19:08,penrith,Harness,4,1,POLKA DELIGHT NZ,CASH,Fixed Win,Betr,26,Success
6/19/2025 19:08,penrith,Harness,4,10,OUR GEORGE BOSTON,CASH,Fixed Win,PlayUp,6,Success
6/19/2025 19:07,penrith,Harness,4,7,PRINCE OF PEACE,CASH,Fixed Win,TAB,17,Error
6/19/2025 19:07,penrith,Harness,4,7,PRINCE OF PEACE,CASH,Fixed Win,Sportsbet,17,Error
6/19/2025 18:59,angle park,Greyhounds,1,5,ETHANOL EXTRA,CASH,Fixed Win,Betr,10,Error
6/19/2025 18:59,angle park,Greyhounds,1,5,ETHANOL EXTRA,CASH,Fixed Win,Tabtouch,9.5,Error
6/19/2025 18:59,angle park,Greyhounds,1,5,ETHANOL EXTRA,CASH,Fixed Win,TAB,11,Success
6/19/2025 18:59,angle park,Greyhounds,1,5,ETHANOL EXTRA,CASH,Fixed Win,Sportsbet,11,Success
6/19/2025 18:59,angle park,Greyhounds,1,5,ETHANOL EXTRA,CASH,Fixed Win,Dabble,11,Success
6/19/2025 18:57,kilmore,Harness,5,4,HIGHVIEW HAMMER,CASH,Fixed Win,BetRight,15,Error
6/19/2025 18:52,kilmore,Harness,5,5,ALABAMA ICE,CASH,Fixed Win,BetRight,21,Success
6/19/2025 18:52,hobart,Greyhounds,1,5,ANNDAR SHELLY,CASH,Fixed Win,Tabtouch,5.5,Error
6/19/2025 18:51,hobart,Greyhounds,1,5,ANNDAR SHELLY,CASH,Fixed Win,TAB,6,Error
6/19/2025 18:49,kilmore,Harness,5,5,ALABAMA ICE,CASH,Fixed Win,TAB,21,Error
6/19/2025 18:49,kilmore,Harness,5,5,ALABAMA ICE,CASH,Fixed Win,Betr,21,Error
6/19/2025 18:49,kilmore,Harness,5,5,ALABAMA ICE,CASH,Fixed Win,Sportsbet,26,Success
6/19/2025 18:46,penrith,Harness,3,9,WHEREISHE,CASH,Fixed Win,TAB,26,Error
6/19/2025 18:43,q2 parklands,Greyhounds,2,1,FICTIONAL,CASH,Fixed Win,Betr,12,Error
6/19/2025 18:43,q2 parklands,Greyhounds,2,1,FICTIONAL,CASH,Fixed Win,PlayUp,16,Success
6/19/2025 18:37,q2 parklands,Greyhounds,2,1,FICTIONAL,CASH,Fixed Win,TAB,17,Error
6/19/2025 18:36,q2 parklands,Greyhounds,2,2,ROMANTIC RED,CASH,Fixed Win,TAB,3.2,Error
6/19/2025 18:36,q2 parklands,Greyhounds,2,2,ROMANTIC RED,CASH,Fixed Win,PlayUp,3.3,Success
6/19/2025 18:32,casino,Greyhounds,10,4,KEEPER,CASH,Fixed Win,PlayUp,6,Success
6/19/2025 18:26,kilmore,Harness,4,4,SHAQ,CASH,Fixed Win,TAB,14,Error
6/19/2025 18:24,kilmore,Harness,4,10,RABADA,CASH,Fixed Win,Tabtouch,5.5,Error
6/19/2025 18:24,kilmore,Harness,4,10,RABADA,CASH,Fixed Win,TAB,6,Error
6/19/2025 18:24,kilmore,Harness,4,10,RABADA,CASH,Fixed Win,Sportsbet,6.5,Success
6/19/2025 18:24,kilmore,Harness,4,10,RABADA,CASH,Fixed Win,Dabble,6.5,Success
6/19/2025 18:24,kilmore,Harness,4,10,RABADA,CASH,Fixed Win,Betr,6.5,Success
6/19/2025 18:24,kilmore,Harness,4,10,RABADA,CASH,Fixed Win,PlayUp,7,Success
6/19/2025 18:22,q2 parklands,Greyhounds,1,4,MOSSY BOOTS,CASH,Fixed Win,PlayUp,3.8,Success
6/19/2025 18:13,casino,Greyhounds,9,4,KEIKI POLU,CASH,Fixed Win,PlayUp,5.5,Success
6/19/2025 18:10,warragul,Greyhounds,12,10,PAW CALGARY,CASH,Fixed Win,PlayUp,5.5,Success
6/19/2025 18:00,kilmore,Harness,3,4,STANDANDELIVER,CASH,Fixed Win,PlayUp,3.1,Error
6/19/2025 17:44,redcliffe,Harness,8,5,REAL TIN TIN,CASH,Fixed Win,Sportsbet,31,Success
6/19/2025 17:44,redcliffe,Harness,8,4,ZOOM PARTY,CASH,Fixed Win,Sportsbet,4.2,Success
6/19/2025 17:44,redcliffe,Harness,8,5,REAL TIN TIN,CASH,Fixed Win,TAB,26,Error
6/19/2025 17:42,warrnambool,Greyhounds,3,3,ASTON CREMA,CASH,Fixed Win,TAB,4,Success
6/19/2025 17:42,warrnambool,Greyhounds,3,3,ASTON CREMA,CASH,Fixed Win,Tabtouch,4,Error
6/19/2025 17:42,warrnambool,Greyhounds,3,3,ASTON CREMA,CASH,Fixed Win,PlayUp,4.2,Success
6/19/2025 17:42,warrnambool,Greyhounds,3,3,ASTON CREMA,CASH,Fixed Win,Dabble,4.2,Success
6/19/2025 17:42,warrnambool,Greyhounds,3,3,ASTON CREMA,CASH,Fixed Win,Betr,4.2,Success
6/19/2025 17:42,redcliffe,Harness,8,4,ZOOM PARTY,CASH,Fixed Win,Betr,3.9,Error
6/19/2025 17:42,warrnambool,Greyhounds,3,3,ASTON CREMA,CASH,Fixed Win,Sportsbet,4.4,Success
6/19/2025 17:41,redcliffe,Harness,8,4,ZOOM PARTY,CASH,Fixed Win,TAB,4.4,Error
6/19/2025 17:41,redcliffe,Harness,8,7,ZACH LOWE NZ,CASH,Fixed Win,TAB,16,Error
6/19/2025 17:41,redcliffe,Harness,8,7,ZACH LOWE NZ,CASH,Fixed Win,Sportsbet,17,Success
6/19/2025 17:41,redcliffe,Harness,8,7,ZACH LOWE NZ,CASH,Fixed Win,Dabble,17,Success
6/19/2025 17:40,redcliffe,Harness,8,8,MISTERPRESIDENT,CASH,Fixed Win,Sportsbet,4,Success
6/19/2025 17:40,redcliffe,Harness,8,8,MISTERPRESIDENT,CASH,Fixed Win,PlayUp,4,Success
6/19/2025 17:40,redcliffe,Harness,8,8,MISTERPRESIDENT,CASH,Fixed Win,Dabble,4,Success
6/19/2025 17:40,redcliffe,Harness,8,8,MISTERPRESIDENT,CASH,Fixed Win,Betr,4,Success
6/19/2025 17:35,casino,Greyhounds,7,1,ROYAL CAROL,CASH,Fixed Win,Tabtouch,2.6,Error
6/19/2025 17:35,casino,Greyhounds,7,1,ROYAL CAROL,CASH,Fixed Win,TAB,2.6,Error
6/19/2025 17:35,casino,Greyhounds,7,1,ROYAL CAROL,CASH,Fixed Win,Sportsbet,2.5,Error
6/19/2025 17:35,casino,Greyhounds,7,1,ROYAL CAROL,CASH,Fixed Win,PlayUp,2.7,Success
6/19/2025 17:35,casino,Greyhounds,7,1,ROYAL CAROL,CASH,Fixed Win,Dabble,2.65,Error
6/19/2025 17:35,casino,Greyhounds,7,1,ROYAL CAROL,CASH,Fixed Win,Betr,2.6,Error
6/19/2025 17:33,warragul,Greyhounds,10,3,DONITA BALE,CASH,Fixed Win,TAB,6,Success
6/19/2025 17:30,warragul,Greyhounds,10,8,HOOKED ON YUKI,CASH,Fixed Win,TAB,3.3,Success
6/19/2025 17:29,warragul,Greyhounds,10,8,HOOKED ON YUKI,CASH,Fixed Win,Tabtouch,2.8,Error
6/19/2025 17:29,warragul,Greyhounds,10,8,HOOKED ON YUKI,CASH,Fixed Win,PlayUp,3.2,Success
6/19/2025 17:29,warragul,Greyhounds,10,8,HOOKED ON YUKI,CASH,Fixed Win,Dabble,3.2,Success
6/19/2025 17:29,warragul,Greyhounds,10,8,HOOKED ON YUKI,CASH,Fixed Win,Betr,3.2,Success
6/19/2025 17:29,warragul,Greyhounds,10,8,HOOKED ON YUKI,CASH,Fixed Win,Sportsbet,3.3,Success
6/19/2025 17:23,kilmore,Harness,2,3,SCATTERSHOT,CASH,Fixed Win,Tabtouch,10,Success
6/19/2025 17:22,kilmore,Harness,2,3,SCATTERSHOT,CASH,Fixed Win,Dabble,10,Success
6/19/2025 17:22,kilmore,Harness,2,3,SCATTERSHOT,CASH,Fixed Win,Betr,10,Success
6/19/2025 17:21,kilmore,Harness,2,3,SCATTERSHOT,CASH,Fixed Win,TAB,11,Success
6/19/2025 17:21,kilmore,Harness,2,3,SCATTERSHOT,CASH,Fixed Win,Sportsbet,12,Success
6/19/2025 17:21,kilmore,Harness,2,3,SCATTERSHOT,CASH,Fixed Win,BetRight,10,Error
6/19/2025 17:16,redcliffe,Harness,7,5,BEV THE GOAT NZ,CASH,Fixed Win,TAB,17,Error
6/19/2025 17:16,redcliffe,Harness,7,5,BEV THE GOAT NZ,CASH,Fixed Win,BetRight,17,Error
6/19/2025 17:15,redcliffe,Harness,7,4,HASTY BID,CASH,Fixed Win,TAB,11,Error
6/19/2025 17:15,redcliffe,Harness,7,4,HASTY BID,CASH,Fixed Win,Tabtouch,10,Error
6/19/2025 17:14,redcliffe,Harness,7,4,HASTY BID,CASH,Fixed Win,Dabble,12,Success
6/19/2025 17:14,redcliffe,Harness,7,4,HASTY BID,CASH,Fixed Win,Betr,12,Success
6/19/2025 17:14,redcliffe,Harness,7,4,HASTY BID,CASH,Fixed Win,BetRight,12,Success
6/19/2025 17:14,redcliffe,Harness,7,4,HASTY BID,CASH,Fixed Win,Sportsbet,13,Success
6/19/2025 17:12,casino,Greyhounds,6,7,MCKEON,CASH,Fixed Win,BetRight,1.5,Error
6/19/2025 17:11,warragul,Greyhounds,9,7,RHOSWEN,CASH,Fixed Win,Tabtouch,3.6,Error
6/19/2025 17:10,warragul,Greyhounds,9,7,RHOSWEN,CASH,Fixed Win,TAB,3.7,Error
6/19/2025 17:10,warragul,Greyhounds,9,7,RHOSWEN,CASH,Fixed Win,Sportsbet,3.8,Error
6/19/2025 17:10,warragul,Greyhounds,9,7,RHOSWEN,CASH,Fixed Win,Dabble,4,Success
6/19/2025 17:10,warragul,Greyhounds,9,7,RHOSWEN,CASH,Fixed Win,Betr,3.8,Error
6/19/2025 17:10,warragul,Greyhounds,9,7,RHOSWEN,CASH,Fixed Win,PlayUp,4.2,Success
6/19/2025 17:10,casino,Greyhounds,6,7,MCKEON,CASH,Fixed Win,TAB,1.5,Success
6/19/2025 16:57,tamworth,Harness,7,8,RACING PAULA,CASH,Fixed Win,TAB,23,Success
6/19/2025 16:57,casino,Greyhounds,5,4,BOKARM RHONDA,CASH,Fixed Win,BetRight,12,Success
6/19/2025 16:56,tamworth,Harness,7,8,RACING PAULA,CASH,Fixed Win,BetRight,26,Success
6/19/2025 16:52,kilmore,Harness,1,10,BETTORSWEETVICTORY,CASH,Fixed Win,TAB,3.7,Error
6/19/2025 16:51,kilmore,Harness,1,3,VERY TEMPTING,CASH,Fixed Win,Tabtouch,14,Error
6/19/2025 16:51,kilmore,Harness,1,3,VERY TEMPTING,CASH,Fixed Win,TAB,13,Error
6/19/2025 16:50,warragul,Greyhounds,8,2,MIGHTY HERCULES,CASH,Fixed Win,Tabtouch,14,Error
6/19/2025 16:50,warragul,Greyhounds,8,2,MIGHTY HERCULES,CASH,Fixed Win,TAB,15,Success
6/19/2025 16:50,warragul,Greyhounds,8,2,MIGHTY HERCULES,CASH,Fixed Win,Sportsbet,14,Error
6/19/2025 16:50,warragul,Greyhounds,8,2,MIGHTY HERCULES,CASH,Fixed Win,Dabble,15,Success
6/19/2025 16:50,warragul,Greyhounds,8,2,MIGHTY HERCULES,CASH,Fixed Win,BetRight,15,Error
6/19/2025 16:50,warragul,Greyhounds,8,2,MIGHTY HERCULES,CASH,Fixed Win,Betr,15,Success
6/19/2025 16:49,kilmore,Harness,1,12,TOPHUT JOHNY,CASH,Fixed Win,Betr,4.8,Success
6/19/2025 16:49,kilmore,Harness,1,7,THE MAJORS GIRL,CASH,Fixed Win,Tabtouch,4.8,Error
6/19/2025 16:49,kilmore,Harness,1,7,THE MAJORS GIRL,CASH,Fixed Win,TAB,7,Success
6/19/2025 16:48,kilmore,Harness,1,12,TOPHUT JOHNY,CASH,Fixed Win,TAB,5,Success
6/19/2025 16:41,kilmore,Harness,1,3,VERY TEMPTING,CASH,Fixed Win,Sportsbet,19,Success
6/19/2025 16:41,kilmore,Harness,1,3,VERY TEMPTING,CASH,Fixed Win,Dabble,19,Success
6/19/2025 16:41,kilmore,Harness,1,3,VERY TEMPTING,CASH,Fixed Win,Betr,18,Success
6/19/2025 16:22,tamworth,Harness,6,9,THREEBUSHELSOFOATS,CASH,Fixed Win,Tabtouch,2.65,Error
6/19/2025 16:22,tamworth,Harness,6,9,THREEBUSHELSOFOATS,CASH,Fixed Win,Dabble,2.75,Error
6/19/2025 16:22,tamworth,Harness,6,9,THREEBUSHELSOFOATS,CASH,Fixed Win,BetRight,2.7,Error
6/19/2025 16:17,tamworth,Harness,6,5,ROCKET BOY,CASH,Fixed Win,Tabtouch,9,Error
6/19/2025 16:17,tamworth,Harness,6,5,ROCKET BOY,CASH,Fixed Win,TAB,9.5,Error
6/19/2025 16:17,tamworth,Harness,6,5,ROCKET BOY,CASH,Fixed Win,Sportsbet,10,Success
6/19/2025 16:17,tamworth,Harness,6,5,ROCKET BOY,CASH,Fixed Win,Dabble,8.5,Error
6/19/2025 16:17,tamworth,Harness,6,5,ROCKET BOY,CASH,Fixed Win,Betr,10,Success
6/19/2025 16:16,tamworth,Harness,6,4,RAINBOW JET,CASH,Fixed Win,Tabtouch,10,Error
6/19/2025 16:16,tamworth,Harness,6,4,RAINBOW JET,CASH,Fixed Win,TAB,12,Error
6/19/2025 16:16,tamworth,Harness,6,4,RAINBOW JET,CASH,Fixed Win,Sportsbet,14,Error
6/19/2025 16:16,tamworth,Harness,6,4,RAINBOW JET,CASH,Fixed Win,Dabble,14,Success
6/19/2025 16:16,tamworth,Harness,6,4,RAINBOW JET,CASH,Fixed Win,Betr,14,Error
6/19/2025 16:02,redcliffe,Harness,5,9,MAYWYNS KAREN,CASH,Fixed Win,Tabtouch,31,Error
6/19/2025 16:02,redcliffe,Harness,5,9,MAYWYNS KAREN,CASH,Fixed Win,Dabble,34,Success
6/19/2025 16:02,redcliffe,Harness,5,9,MAYWYNS KAREN,CASH,Fixed Win,Betr,34,Success
6/19/2025 15:59,redcliffe,Harness,5,7,ACCELERE NZ,CASH,Fixed Win,Tabtouch,4,Error
6/19/2025 15:59,redcliffe,Harness,5,7,ACCELERE NZ,CASH,Fixed Win,Dabble,4.4,Success
6/19/2025 15:59,redcliffe,Harness,5,7,ACCELERE NZ,CASH,Fixed Win,BetRight,4.4,Success
6/19/2025 15:59,redcliffe,Harness,5,7,ACCELERE NZ,CASH,Fixed Win,Betr,4.4,Error
6/19/2025 15:59,redcliffe,Harness,5,7,ACCELERE NZ,CASH,Fixed Win,Sportsbet,4.4,Error
6/19/2025 15:55,casino,Greyhounds,2,5,MILO DAVIS,CASH,Fixed Win,BetRight,4.8,Error
6/19/2025 15:45,tamworth,Harness,5,5,JUNGLE JIVE,CASH,Fixed Win,TAB,21,Success
6/19/2025 15:42,tamworth,Harness,5,1,KILLARA SHOGUN,CASH,Fixed Win,TAB,23,Error
6/19/2025 15:42,tamworth,Harness,5,1,KILLARA SHOGUN,CASH,Fixed Win,Dabble,23,Error
6/19/2025 15:42,tamworth,Harness,5,1,KILLARA SHOGUN,CASH,Fixed Win,Betr,26,Error
6/19/2025 15:37,richmond,Greyhounds,10,4,TARAWI TANK,CASH,Fixed Win,Tabtouch,1.7,Success
6/19/2025 15:37,richmond,Greyhounds,10,4,TARAWI TANK,CASH,Fixed Win,TAB,1.7,Success
6/19/2025 15:37,richmond,Greyhounds,10,4,TARAWI TANK,CASH,Fixed Win,Sportsbet,1.7,Success
6/19/2025 15:37,richmond,Greyhounds,10,4,TARAWI TANK,CASH,Fixed Win,Dabble,1.7,Success
6/19/2025 15:37,richmond,Greyhounds,10,4,TARAWI TANK,CASH,Fixed Win,BetRight,1.7,Success
6/19/2025 15:37,richmond,Greyhounds,10,4,TARAWI TANK,CASH,Fixed Win,Betr,1.7,Success
6/19/2025 15:34,casino,Greyhounds,1,4,IRON RIVER,CASH,Fixed Win,BetRight,6.25,Error
6/19/2025 15:33,casino,Greyhounds,1,4,IRON RIVER,CASH,Fixed Win,Tabtouch,9,Success
6/19/2025 15:33,casino,Greyhounds,1,4,IRON RIVER,CASH,Fixed Win,TAB,8.5,Error
6/19/2025 15:33,casino,Greyhounds,1,4,IRON RIVER,CASH,Fixed Win,Sportsbet,8,Error
6/19/2025 15:33,casino,Greyhounds,1,4,IRON RIVER,CASH,Fixed Win,Dabble,9,Success
6/19/2025 15:33,casino,Greyhounds,1,4,IRON RIVER,CASH,Fixed Win,Betr,9,Success
6/19/2025 15:28,redcliffe,Harness,4,8,MAJOR GENERALJUJON,CASH,Fixed Win,TAB,10,Error
6/19/2025 15:28,redcliffe,Harness,4,6,TREACHEROUS GABBY,CASH,Fixed Win,TAB,15,Error
6/19/2025 15:28,redcliffe,Harness,4,6,TREACHEROUS GABBY,CASH,Fixed Win,BetRight,15,Error
6/19/2025 15:28,redcliffe,Harness,4,6,TREACHEROUS GABBY,CASH,Fixed Win,Betr,15,Error
6/19/2025 15:21,redcliffe,Harness,4,8,MAJOR GENERALJUJON,CASH,Fixed Win,Sportsbet,12,Success
6/19/2025 15:21,redcliffe,Harness,4,8,MAJOR GENERALJUJON,CASH,Fixed Win,Dabble,12,Success
6/19/2025 15:21,redcliffe,Harness,4,8,MAJOR GENERALJUJON,CASH,Fixed Win,Betr,12,Success
6/19/2025 15:19,warragul,Greyhounds,4,7,DAINTREE PEARL,CASH,Fixed Win,TAB,4.4,Success
6/19/2025 15:19,warragul,Greyhounds,4,7,DAINTREE PEARL,CASH,Fixed Win,Sportsbet,4.2,Error
6/19/2025 15:19,warragul,Greyhounds,4,7,DAINTREE PEARL,CASH,Fixed Win,BetRight,4.4,Error
6/19/2025 15:19,warragul,Greyhounds,4,7,DAINTREE PEARL,CASH,Fixed Win,Betr,4.4,Success
6/19/2025 15:19,redcliffe,Harness,4,4,MISS SERENDIPITY,CASH,Fixed Win,TAB,10,Success
6/19/2025 15:19,redcliffe,Harness,4,4,MISS SERENDIPITY,CASH,Fixed Win,Sportsbet,10,Success
6/19/2025 15:19,redcliffe,Harness,4,4,MISS SERENDIPITY,CASH,Fixed Win,Betr,10,Success
6/19/2025 15:19,redcliffe,Harness,4,4,MISS SERENDIPITY,CASH,Fixed Win,Dabble,10,Success
6/19/2025 15:04,warragul,Greyhounds,3,2,CATCH A CUTIE,CASH,Fixed Win,BetRight,3,Error
6/19/2025 15:02,tamworth,Harness,4,1,MY ROCK MOVES,CASH,Fixed Win,Tabtouch,1.4,Error
6/19/2025 15:02,tamworth,Harness,4,1,MY ROCK MOVES,CASH,Fixed Win,Sportsbet,2.1,Success
6/19/2025 15:02,tamworth,Harness,4,1,MY ROCK MOVES,CASH,Fixed Win,Dabble,2.05,Error
6/19/2025 14:49,redcliffe,Harness,3,7,VINNIE NITRO,CASH,Fixed Win,TAB,34,Error
6/19/2025 14:46,warragul,Greyhounds,2,7,YORKSHIRE GIRL,CASH,Fixed Win,Sportsbet,6,Success
6/19/2025 14:46,warragul,Greyhounds,2,7,YORKSHIRE GIRL,CASH,Fixed Win,Tabtouch,6,Success
6/19/2025 14:46,warragul,Greyhounds,2,7,YORKSHIRE GIRL,CASH,Fixed Win,TAB,6,Success
6/19/2025 14:46,warragul,Greyhounds,2,7,YORKSHIRE GIRL,CASH,Fixed Win,Dabble,6,Success
6/19/2025 14:45,warragul,Greyhounds,2,1,WOODSIDE FOX,CASH,Fixed Win,BetRight,26,Error
6/19/2025 14:32,tamworth,Harness,3,1,SONOFABET,CASH,Fixed Win,TAB,9.5,Error
6/19/2025 14:32,tamworth,Harness,3,1,SONOFABET,CASH,Fixed Win,Sportsbet,9,Error
6/19/2025 14:32,tamworth,Harness,3,1,SONOFABET,CASH,Fixed Win,Dabble,8,Error
6/19/2025 14:32,tamworth,Harness,3,1,SONOFABET,CASH,Fixed Win,Betr,8,Error
6/19/2025 14:31,tamworth,Harness,3,2,ROLAMAX,CASH,Fixed Win,Sportsbet,4.4,Error
6/19/2025 14:31,tamworth,Harness,3,2,ROLAMAX,CASH,Fixed Win,Betr,4.4,Error
6/19/2025 14:30,tamworth,Harness,3,8,LOOKAT MEE,CASH,Fixed Win,BetRight,8.5,Error
6/19/2025 14:30,tamworth,Harness,3,2,ROLAMAX,CASH,Fixed Win,TAB,4.6,Error
6/19/2025 14:29,tamworth,Harness,3,4,UNCLE GREGORY,CASH,Fixed Win,Sportsbet,11,Error
6/19/2025 14:29,tamworth,Harness,3,4,UNCLE GREGORY,CASH,Fixed Win,TAB,12,Error
6/19/2025 14:29,tamworth,Harness,3,4,UNCLE GREGORY,CASH,Fixed Win,Dabble,12,Error
6/19/2025 14:29,warragul,Greyhounds,1,2,MYRIAD,CASH,Fixed Win,Sportsbet,14,Error
6/19/2025 14:29,warragul,Greyhounds,1,2,MYRIAD,CASH,Fixed Win,Tabtouch,16,Success
6/19/2025 14:29,warragul,Greyhounds,1,2,MYRIAD,CASH,Fixed Win,TAB,14,Error
6/19/2025 14:29,warragul,Greyhounds,1,2,MYRIAD,CASH,Fixed Win,Dabble,16,Success
6/19/2025 14:28,warragul,Greyhounds,1,2,MYRIAD,CASH,Fixed Win,Betr,16,Success
6/19/2025 14:27,warragul,Greyhounds,1,3,JUMBUK MAHMOOD,CASH,Fixed Win,TAB,2.2,Success
6/19/2025 14:14,redcliffe,Harness,2,1,SWIFTIE,CASH,Fixed Win,BetRight,2.8,Success
6/19/2025 14:14,redcliffe,Harness,2,1,SWIFTIE,CASH,Fixed Win,Tabtouch,2.7,Error
6/19/2025 14:14,redcliffe,Harness,2,1,SWIFTIE,CASH,Fixed Win,Sportsbet,2.7,Error
6/19/2025 14:13,redcliffe,Harness,2,2,GAMEOVA,CASH,Fixed Win,Betr,21,Error
6/19/2025 14:13,redcliffe,Harness,2,2,GAMEOVA,CASH,Fixed Win,BetRight,23,Success
6/19/2025 13:21,q1 lakeside,Greyhounds,4,6,FLYING JILLIBY,CASH,Fixed Win,TAB,19,Error
6/19/2025 13:21,q1 lakeside,Greyhounds,4,2,WHISKEY POWER,CASH,Fixed Win,TAB,15,Error
6/18/2025 21:51,taree,Greyhounds,9,3,PARK KEY PAW,CASH,Fixed Win,BetRight,12,Error
6/18/2025 21:43,the meadows,Greyhounds,10,8,HANDSOME RATIO,CASH,Fixed Win,Tabtouch,3.8,Error
6/18/2025 21:43,the meadows,Greyhounds,10,8,HANDSOME RATIO,CASH,Fixed Win,TAB,3.8,Error
6/18/2025 21:43,the meadows,Greyhounds,10,8,HANDSOME RATIO,CASH,Fixed Win,BetRight,3.7,Error
6/18/2025 21:43,the meadows,Greyhounds,10,8,HANDSOME RATIO,CASH,Fixed Win,Betr,3.8,Error
6/18/2025 21:35,ballarat,Greyhounds,11,8,TRADING HALT,CASH,Fixed Win,TAB,2.4,Error
6/18/2025 21:33,taree,Greyhounds,8,7,ANNIKA ROSE,CASH,Fixed Win,Tabtouch,21,Error
6/18/2025 21:33,taree,Greyhounds,8,7,ANNIKA ROSE,CASH,Fixed Win,TAB,23,Error
6/18/2025 21:33,taree,Greyhounds,8,7,ANNIKA ROSE,CASH,Fixed Win,Sportsbet,19,Error
6/18/2025 21:32,taree,Greyhounds,8,7,ANNIKA ROSE,CASH,Fixed Win,BetRight,23,Error
6/18/2025 21:32,taree,Greyhounds,8,7,ANNIKA ROSE,CASH,Fixed Win,Betr,26,Success
6/18/2025 21:20,cannington,Greyhounds,4,3,RED NED GUNDI,CASH,Fixed Win,BetRight,3.6,Error
6/18/2025 21:14,taree,Greyhounds,7,3,LAST SHOT RIPPER,CASH,Fixed Win,TAB,7,Error
6/18/2025 21:13,taree,Greyhounds,7,3,LAST SHOT RIPPER,CASH,Fixed Win,Betr,7.5,Error
6/18/2025 21:13,taree,Greyhounds,7,6,VICIOUS BOY,CASH,Fixed Win,BetRight,11,Error
6/18/2025 21:12,rockhampton,Greyhounds,8,5,FARMOR CASUAL,CASH,Fixed Win,TAB,2.25,Error
6/18/2025 21:12,rockhampton,Greyhounds,8,5,FARMOR CASUAL,CASH,Fixed Win,BetRight,2.25,Error
6/18/2025 21:07,the meadows,Greyhounds,8,7,HOLDEN BALE,CASH,Fixed Win,BetRight,2.5,Error
6/18/2025 21:02,the meadows,Greyhounds,8,7,HOLDEN BALE,CASH,Fixed Win,Tabtouch,2.9,Error
6/18/2025 21:02,the meadows,Greyhounds,8,7,HOLDEN BALE,CASH,Fixed Win,TAB,2.9,Success
6/18/2025 21:01,the meadows,Greyhounds,8,7,HOLDEN BALE,CASH,Fixed Win,Betr,2.9,Success
6/18/2025 20:59,the meadows,Greyhounds,8,4,GARRY STUN ON,CASH,Fixed Win,BetRight,61,Error
6/18/2025 20:56,the meadows,Greyhounds,8,7,HOLDEN BALE,CASH,Fixed Win,Sportsbet,3,Success
6/18/2025 20:45,redcliffe,Harness,8,7,SHEROCKSMYWORLD,CASH,Fixed Win,Tabtouch,61,Error
6/18/2025 20:44,the meadows,Greyhounds,7,6,PRINCE PIERRE,CASH,Fixed Win,TAB,19,Error
6/18/2025 20:43,redcliffe,Harness,8,7,SHEROCKSMYWORLD,CASH,Fixed Win,TAB,51,Error
6/18/2025 20:43,redcliffe,Harness,8,7,SHEROCKSMYWORLD,CASH,Fixed Win,Betr,34,Error
6/18/2025 20:37,cannington,Greyhounds,2,2,WEST ON ARIEL,CASH,Fixed Win,TAB,3.5,Error
6/18/2025 20:24,bendigo,Harness,7,4,FULLOFFIGHT NZ,CASH,Fixed Win,Tabtouch,4,Error
6/18/2025 20:23,bendigo,Harness,7,2,NEVS DREAM,CASH,Fixed Win,TAB,34,Error
6/18/2025 20:23,bendigo,Harness,7,2,NEVS DREAM,CASH,Fixed Win,Betr,41,Error
6/18/2025 20:22,bendigo,Harness,7,2,NEVS DREAM,CASH,Fixed Win,Sportsbet,41,Error
6/18/2025 20:21,cannington,Greyhounds,1,5,COCO'S STAR,CASH,Fixed Win,Tabtouch,13,Error
6/18/2025 20:21,cannington,Greyhounds,1,5,COCO'S STAR,CASH,Fixed Win,TAB,16,Error
6/18/2025 20:21,cannington,Greyhounds,1,3,SEND IT COCO,CASH,Fixed Win,Tabtouch,8.5,Error
6/18/2025 20:20,cannington,Greyhounds,1,3,SEND IT COCO,CASH,Fixed Win,TAB,9,Error
6/18/2025 20:20,cannington,Greyhounds,1,3,SEND IT COCO,CASH,Fixed Win,Betr,9,Error
6/18/2025 20:15,bendigo,Harness,7,4,FULLOFFIGHT NZ,CASH,Fixed Win,TAB,4.4,Error
6/18/2025 20:15,bendigo,Harness,7,4,FULLOFFIGHT NZ,CASH,Fixed Win,Sportsbet,4.6,Error
6/18/2025 20:15,bendigo,Harness,7,4,FULLOFFIGHT NZ,CASH,Fixed Win,Betr,4.8,Success
6/18/2025 20:03,rockhampton,Greyhounds,5,4,VENETIAN BLUE,CASH,Fixed Win,Tabtouch,4.6,Error
6/18/2025 20:03,rockhampton,Greyhounds,5,4,VENETIAN BLUE,CASH,Fixed Win,TAB,6,Error
6/18/2025 20:03,rockhampton,Greyhounds,5,4,VENETIAN BLUE,CASH,Fixed Win,Sportsbet,6,Success
6/18/2025 20:03,rockhampton,Greyhounds,5,4,VENETIAN BLUE,CASH,Fixed Win,Betr,6,Success
6/18/2025 20:00,rockhampton,Greyhounds,5,5,SCOOP THE LOOT,CASH,Fixed Win,Tabtouch,17,Error
6/18/2025 20:00,rockhampton,Greyhounds,5,5,SCOOP THE LOOT,CASH,Fixed Win,TAB,17,Error
6/18/2025 20:00,rockhampton,Greyhounds,5,5,SCOOP THE LOOT,CASH,Fixed Win,Sportsbet,17,Error
6/18/2025 20:00,rockhampton,Greyhounds,5,5,SCOOP THE LOOT,CASH,Fixed Win,BetRight,19,Error
6/18/2025 20:00,rockhampton,Greyhounds,5,5,SCOOP THE LOOT,CASH,Fixed Win,Betr,21,Error
6/18/2025 19:56,bendigo,Harness,6,2,JUST LIKE NUGGET,CASH,Fixed Win,TAB,5,Error
6/18/2025 19:53,ballarat,Greyhounds,6,4,MAGNUM RIOT,CASH,Fixed Win,TAB,1.33,Error
6/18/2025 19:53,ballarat,Greyhounds,6,4,MAGNUM RIOT,CASH,Fixed Win,BetRight,1.55,Success
6/18/2025 19:52,bendigo,Harness,6,7,NORMY,CASH,Fixed Win,TAB,13,Success
6/18/2025 19:51,bendigo,Harness,6,7,NORMY,CASH,Fixed Win,Sportsbet,14,Success
6/18/2025 19:51,bendigo,Harness,6,7,NORMY,CASH,Fixed Win,Betr,14,Success
6/18/2025 19:49,taree,Greyhounds,3,7,BLUE TIARA,CASH,Fixed Win,BetRight,23,Error
6/18/2025 19:49,taree,Greyhounds,3,5,NANGAR PRUE,CASH,Fixed Win,Tabtouch,15,Error
6/18/2025 19:49,taree,Greyhounds,3,5,NANGAR PRUE,CASH,Fixed Win,Sportsbet,17,Error
6/18/2025 19:48,taree,Greyhounds,3,5,NANGAR PRUE,CASH,Fixed Win,Betr,17,Error
6/18/2025 19:48,taree,Greyhounds,3,5,NANGAR PRUE,CASH,Fixed Win,TAB,21,Error
6/18/2025 19:48,taree,Greyhounds,3,5,NANGAR PRUE,CASH,Fixed Win,BetRight,21,Error
6/18/2025 19:46,taree,Greyhounds,3,2,TYPHOON DOT,CASH,Fixed Win,Tabtouch,3.5,Error
6/18/2025 19:46,taree,Greyhounds,3,2,TYPHOON DOT,CASH,Fixed Win,TAB,3.5,Error
6/18/2025 19:46,taree,Greyhounds,3,2,TYPHOON DOT,CASH,Fixed Win,Betr,3.6,Error
6/18/2025 19:45,taree,Greyhounds,3,2,TYPHOON DOT,CASH,Fixed Win,BetRight,3.9,Error
6/18/2025 19:44,redcliffe,Harness,6,3,MATAI REACTOR,CASH,Fixed Win,Sportsbet,7.5,Error
6/18/2025 19:43,redcliffe,Harness,6,5,TYPHOON TORQUE,CASH,Fixed Win,BetRight,51,Success
6/18/2025 19:43,redcliffe,Harness,6,9,EBONY BELLE,CASH,Fixed Win,Tabtouch,8.5,Error
6/18/2025 19:42,redcliffe,Harness,6,9,EBONY BELLE,CASH,Fixed Win,TAB,10,Error
6/18/2025 19:42,redcliffe,Harness,6,9,EBONY BELLE,CASH,Fixed Win,Sportsbet,10,Error
6/18/2025 19:42,redcliffe,Harness,6,9,EBONY BELLE,CASH,Fixed Win,BetRight,9.5,Error
6/18/2025 19:42,redcliffe,Harness,6,9,EBONY BELLE,CASH,Fixed Win,Betr,11,Success
6/18/2025 19:41,redcliffe,Harness,6,3,MATAI REACTOR,CASH,Fixed Win,TAB,11,Success
6/18/2025 19:41,redcliffe,Harness,6,3,MATAI REACTOR,CASH,Fixed Win,Betr,11,Error
6/18/2025 19:41,richmond,Greyhounds,3,2,DANCE THE NIGHT,CASH,Fixed Win,TAB,31,Error
6/18/2025 19:40,redcliffe,Harness,6,3,MATAI REACTOR,CASH,Fixed Win,BetRight,12,Success
6/18/2025 19:25,the meadows,Greyhounds,3,3,CHARLESTOWN,CASH,Fixed Win,Sportsbet,31,Success
6/18/2025 19:24,the meadows,Greyhounds,3,3,CHARLESTOWN,CASH,Fixed Win,Tabtouch,31,Error
6/18/2025 19:24,the meadows,Greyhounds,3,3,CHARLESTOWN,CASH,Fixed Win,TAB,31,Error
6/18/2025 19:23,the meadows,Greyhounds,3,3,CHARLESTOWN,CASH,Fixed Win,Betr,34,Error
6/18/2025 19:23,bendigo,Harness,5,5,TWISTED BLISS,CASH,Fixed Win,Tabtouch,14,Error
6/18/2025 19:23,bendigo,Harness,5,5,TWISTED BLISS,CASH,Fixed Win,TAB,15,Error
6/18/2025 19:23,bendigo,Harness,5,5,TWISTED BLISS,CASH,Fixed Win,Sportsbet,16,Error
6/18/2025 19:23,bendigo,Harness,5,5,TWISTED BLISS,CASH,Fixed Win,BetRight,12,Error
6/18/2025 19:23,bendigo,Harness,5,5,TWISTED BLISS,CASH,Fixed Win,Betr,16,Error
6/18/2025 19:22,bendigo,Harness,5,4,HARRYHOO,CASH,Fixed Win,Betr,10,Error
6/18/2025 19:22,richmond,Greyhounds,2,2,MAJESTIC STATUS,CASH,Fixed Win,TAB,9,Error
6/18/2025 19:22,bendigo,Harness,5,4,HARRYHOO,CASH,Fixed Win,Sportsbet,10,Error
6/18/2025 19:22,richmond,Greyhounds,2,8,ERINA FLASH,CASH,Fixed Win,Tabtouch,14,Error
6/18/2025 19:21,richmond,Greyhounds,2,8,ERINA FLASH,CASH,Fixed Win,TAB,14,Success
6/18/2025 19:21,richmond,Greyhounds,2,8,ERINA FLASH,CASH,Fixed Win,Betr,14,Error
6/18/2025 19:21,bendigo,Harness,5,4,HARRYHOO,CASH,Fixed Win,TAB,9,Error
6/18/2025 19:16,redcliffe,Harness,5,1,CONNIES SPIRIT,CASH,Fixed Win,BetRight,7.5,Error
6/18/2025 19:15,redcliffe,Harness,5,3,MISTER DELWIN,CASH,Fixed Win,Sportsbet,5,Error
6/18/2025 19:15,redcliffe,Harness,5,3,MISTER DELWIN,CASH,Fixed Win,Betr,5.5,Success
6/18/2025 19:14,redcliffe,Harness,5,3,MISTER DELWIN,CASH,Fixed Win,BetRight,5.25,Error
6/18/2025 19:14,redcliffe,Harness,5,3,MISTER DELWIN,CASH,Fixed Win,TAB,5.5,Error
6/18/2025 19:10,redcliffe,Harness,5,4,TACKAS LAST DANCE,CASH,Fixed Win,Tabtouch,16,Error
6/18/2025 19:10,redcliffe,Harness,5,4,TACKAS LAST DANCE,CASH,Fixed Win,TAB,15,Error
6/18/2025 19:10,redcliffe,Harness,5,4,TACKAS LAST DANCE,CASH,Fixed Win,Sportsbet,17,Success
6/18/2025 19:09,redcliffe,Harness,5,4,TACKAS LAST DANCE,CASH,Fixed Win,BetRight,17,Success
6/18/2025 19:09,redcliffe,Harness,5,4,TACKAS LAST DANCE,CASH,Fixed Win,Betr,15,Error
6/18/2025 19:05,the meadows,Greyhounds,2,1,URANA QUASAR,CASH,Fixed Win,BetRight,15,Error
6/18/2025 19:04,bathurst,Harness,7,3,YA RACIN ARLO,CASH,Fixed Win,TAB,34,Success
6/18/2025 19:03,bathurst,Harness,7,10,HELENS BOY,CASH,Fixed Win,TAB,31,Error
6/18/2025 19:03,bathurst,Harness,7,10,HELENS BOY,CASH,Fixed Win,BetRight,23,Error
6/18/2025 19:02,bathurst,Harness,7,5,BELLAGANOOSH,CASH,Fixed Win,TAB,15,Error
6/18/2025 19:02,bathurst,Harness,7,5,BELLAGANOOSH,CASH,Fixed Win,Betr,14,Error
6/18/2025 19:01,bathurst,Harness,7,4,TULHURST TIMMY,CASH,Fixed Win,TAB,23,Error
6/18/2025 19:01,bathurst,Harness,7,4,TULHURST TIMMY,CASH,Fixed Win,Sportsbet,26,Error
6/18/2025 19:01,bathurst,Harness,7,4,TULHURST TIMMY,CASH,Fixed Win,Betr,26,Success
6/18/2025 19:01,bathurst,Harness,7,7,FIFTY THREE STARS,CASH,Fixed Win,TAB,16,Error
6/18/2025 18:55,bendigo,Harness,4,7,SAM NIEN,CASH,Fixed Win,Sportsbet,14,Error
6/18/2025 18:54,ballarat,Greyhounds,3,2,ASTON KING,CASH,Fixed Win,BetRight,2.5,Error
6/18/2025 18:53,bendigo,Harness,4,2,MAJIC VALLEY,CASH,Fixed Win,Sportsbet,34,Success
6/18/2025 18:52,rockhampton,Greyhounds,1,6,ROSA'S DREAM,CASH,Fixed Win,TAB,19,Error
6/18/2025 18:51,bendigo,Harness,4,3,KYVALLEY JAGGER,CASH,Fixed Win,Tabtouch,12,Error
6/18/2025 18:51,bendigo,Harness,4,3,KYVALLEY JAGGER,CASH,Fixed Win,Sportsbet,12,Success
6/18/2025 18:51,bendigo,Harness,4,3,KYVALLEY JAGGER,CASH,Fixed Win,Betr,12,Success
6/18/2025 18:50,gunnedah,Greyhounds,12,2,FABULOUS FLAME,CASH,Fixed Win,BetRight,13,Error
6/18/2025 18:43,the meadows,Greyhounds,1,8,WEBLEC STELLA,CASH,Fixed Win,Tabtouch,4.2,Error
6/18/2025 18:43,the meadows,Greyhounds,1,8,WEBLEC STELLA,CASH,Fixed Win,TAB,4.4,Success
6/18/2025 18:43,the meadows,Greyhounds,1,8,WEBLEC STELLA,CASH,Fixed Win,Sportsbet,4.2,Error
6/18/2025 18:43,the meadows,Greyhounds,1,8,WEBLEC STELLA,CASH,Fixed Win,Betr,4.4,Success
6/18/2025 18:43,redcliffe,Harness,4,5,MISTER REACTOR,CASH,Fixed Win,TAB,16,Error
6/18/2025 18:38,albion park,Greyhounds,12,1,ULTRA HANNAH,CASH,Fixed Win,Tabtouch,1.55,Error
6/18/2025 18:38,albion park,Greyhounds,12,1,ULTRA HANNAH,CASH,Fixed Win,TAB,1.6,Success
6/18/2025 18:38,albion park,Greyhounds,12,1,ULTRA HANNAH,CASH,Fixed Win,BetRight,1.55,Error
6/18/2025 18:38,albion park,Greyhounds,12,1,ULTRA HANNAH,CASH,Fixed Win,Betr,1.6,Success
6/18/2025 18:38,the meadows,Greyhounds,1,1,PHOENIX VIOLET,CASH,Fixed Win,Tabtouch,4.4,Error
6/18/2025 18:38,the meadows,Greyhounds,1,1,PHOENIX VIOLET,CASH,Fixed Win,TAB,4.6,Success
6/18/2025 18:38,the meadows,Greyhounds,1,1,PHOENIX VIOLET,CASH,Fixed Win,BetRight,4.8,Success
6/18/2025 18:37,the meadows,Greyhounds,1,1,PHOENIX VIOLET,CASH,Fixed Win,Betr,4.4,Success
6/18/2025 18:29,bendigo,Harness,3,3,CHRISTMAS BABE NZ,CASH,Fixed Win,Sportsbet,4.2,Error
6/18/2025 18:27,bendigo,Harness,3,3,CHRISTMAS BABE NZ,CASH,Fixed Win,TAB,4.6,Error
6/18/2025 18:27,bendigo,Harness,3,3,CHRISTMAS BABE NZ,CASH,Fixed Win,Betr,4.6,Error
6/18/2025 18:23,bendigo,Harness,3,4,ALLWATFUNJINGLES,CASH,Fixed Win,BetRight,13,Success
6/18/2025 18:23,bendigo,Harness,3,8,BILLY ZIPPIN,CASH,Fixed Win,Sportsbet,14,Success
6/18/2025 18:23,bendigo,Harness,3,8,BILLY ZIPPIN,CASH,Fixed Win,Betr,14,Success
6/18/2025 18:23,bendigo,Harness,3,4,ALLWATFUNJINGLES,CASH,Fixed Win,TAB,14,Error
6/18/2025 18:23,bendigo,Harness,3,4,ALLWATFUNJINGLES,CASH,Fixed Win,Sportsbet,17,Success
6/18/2025 18:23,bendigo,Harness,3,4,ALLWATFUNJINGLES,CASH,Fixed Win,Betr,17,Success
6/18/2025 18:16,redcliffe,Harness,3,4,MILLIEWOOD,CASH,Fixed Win,BetRight,23,Error
6/18/2025 17:54,bendigo,Harness,2,11,MICHEN ROY,CASH,Fixed Win,Tabtouch,14,Error
6/18/2025 17:54,bendigo,Harness,2,11,MICHEN ROY,CASH,Fixed Win,Sportsbet,14,Error
6/18/2025 17:54,bendigo,Harness,2,11,MICHEN ROY,CASH,Fixed Win,BetRight,15,Success
6/18/2025 17:53,bendigo,Harness,2,11,MICHEN ROY,CASH,Fixed Win,Betr,16,Error
6/18/2025 17:52,bendigo,Harness,2,11,MICHEN ROY,CASH,Fixed Win,TAB,17,Error
6/18/2025 17:49,redcliffe,Harness,2,9,LA MISTRESS,CASH,Fixed Win,TAB,21,Error
6/18/2025 17:46,redcliffe,Harness,2,6,WESTERN ARTERRA,CASH,Fixed Win,BetRight,34,Error
6/18/2025 17:44,bendigo,Greyhounds,12,3,RAPIDFIRE DENZEL,CASH,Fixed Win,TAB,4.4,Error
6/18/2025 17:39,bathurst,Harness,4,2,POPS LEGACY,CASH,Fixed Win,TAB,3.2,Error
6/18/2025 17:36,bathurst,Harness,4,10,IM DESIRABLE,CASH,Fixed Win,TAB,9,Error
6/18/2025 17:35,bathurst,Harness,4,8,JUSTA DRAGON,CASH,Fixed Win,TAB,26,Error
6/18/2025 17:26,bendigo,Greyhounds,11,7,FLYIN' ETHICS,CASH,Fixed Win,TAB,12,Error
6/18/2025 17:25,bendigo,Greyhounds,11,4,KING PLUM,CASH,Fixed Win,TAB,10,Error
6/18/2025 17:19,globe derby,Harness,7,4,IMPOSTER BOY,CASH,Fixed Win,TAB,3,Error
6/18/2025 17:18,bendigo,Harness,1,1,WRITTEN IN SILK,CASH,Fixed Win,Sportsbet,11,Error
6/18/2025 17:18,bendigo,Harness,1,1,WRITTEN IN SILK,CASH,Fixed Win,Betr,12,Success
6/18/2025 17:17,bendigo,Harness,1,6,EMJAY JAZZ,CASH,Fixed Win,Tabtouch,26,Error
6/18/2025 17:17,bendigo,Harness,1,6,EMJAY JAZZ,CASH,Fixed Win,TAB,34,Success
6/18/2025 17:17,bendigo,Harness,1,6,EMJAY JAZZ,CASH,Fixed Win,Sportsbet,34,Success
6/18/2025 17:16,bendigo,Harness,1,6,EMJAY JAZZ,CASH,Fixed Win,Betr,34,Success
6/18/2025 17:16,bendigo,Harness,1,9,CHEYS ANGEL,CASH,Fixed Win,TAB,15,Error
6/18/2025 17:16,bendigo,Harness,1,9,CHEYS ANGEL,CASH,Fixed Win,Sportsbet,19,Error
6/18/2025 17:16,bendigo,Harness,1,9,CHEYS ANGEL,CASH,Fixed Win,Betr,19,Error
6/18/2025 17:15,redcliffe,Harness,1,7,HELL OF A HAND,CASH,Fixed Win,TAB,11,Success
6/18/2025 17:14,redcliffe,Harness,1,7,HELL OF A HAND,CASH,Fixed Win,Tabtouch,10,Error
6/18/2025 17:14,redcliffe,Harness,1,7,HELL OF A HAND,CASH,Fixed Win,Betr,11,Error
6/18/2025 17:13,bendigo,Harness,1,8,I OF THE HURRIKANE,CASH,Fixed Win,TAB,11,Success
6/18/2025 17:11,bendigo,Harness,1,8,I OF THE HURRIKANE,CASH,Fixed Win,Tabtouch,12,Error
6/18/2025 17:11,bendigo,Harness,1,8,I OF THE HURRIKANE,CASH,Fixed Win,Sportsbet,12,Success
6/18/2025 17:11,bendigo,Harness,1,8,I OF THE HURRIKANE,CASH,Fixed Win,BetRight,12,Success
6/18/2025 17:11,bendigo,Harness,1,8,I OF THE HURRIKANE,CASH,Fixed Win,Betr,12,Success
6/18/2025 17:11,globe derby,Harness,7,4,IMPOSTER BOY,CASH,Fixed Win,BetRight,3.4,Error
6/18/2025 17:09,bendigo,Greyhounds,10,1,OLYMPIA ONYX,CASH,Fixed Win,TAB,2.4,Success
6/18/2025 17:03,bathurst,Harness,3,5,BOHEMIAN BRAWLER,CASH,Fixed Win,TAB,5,Error
6/18/2025 17:03,bathurst,Harness,3,5,BOHEMIAN BRAWLER,CASH,Fixed Win,Betr,4.6,Error
6/18/2025 16:49,bendigo,Greyhounds,9,5,SHADOW MAC,CASH,Fixed Win,TAB,15,Error
6/18/2025 16:49,bendigo,Greyhounds,9,10,ZIPPING BENJI,CASH,Fixed Win,BetRight,1.6,Error
6/18/2025 16:48,globe derby,Harness,6,4,LAYLAS PRINCESS,CASH,Fixed Win,TAB,6,Error
6/18/2025 16:48,globe derby,Harness,6,4,LAYLAS PRINCESS,CASH,Fixed Win,Betr,6.5,Error
6/18/2025 16:48,globe derby,Harness,6,1,CLARENDEN TRIBUTE,CASH,Fixed Win,TAB,10,Error
6/18/2025 16:48,globe derby,Harness,6,1,CLARENDEN TRIBUTE,CASH,Fixed Win,Tabtouch,12,Error
6/18/2025 16:48,globe derby,Harness,6,1,CLARENDEN TRIBUTE,CASH,Fixed Win,Sportsbet,12,Error
6/18/2025 16:47,globe derby,Harness,6,1,CLARENDEN TRIBUTE,CASH,Fixed Win,Betr,12,Error
6/18/2025 16:46,maryborough,Harness,8,13,DO IT,CASH,Fixed Win,TAB,5.5,Error
6/18/2025 16:44,bendigo,Greyhounds,9,10,ZIPPING BENJI,CASH,Fixed Win,Tabtouch,1.7,Error
6/18/2025 16:44,bendigo,Greyhounds,9,10,ZIPPING BENJI,CASH,Fixed Win,TAB,1.8,Success
6/18/2025 16:44,bendigo,Greyhounds,9,10,ZIPPING BENJI,CASH,Fixed Win,Betr,1.8,Success
6/18/2025 16:41,maryborough,Harness,8,8,HURRIKANE DUSTY,CASH,Fixed Win,TAB,21,Error
6/18/2025 16:41,maryborough,Harness,8,8,HURRIKANE DUSTY,CASH,Fixed Win,Sportsbet,21,Error
6/18/2025 16:41,maryborough,Harness,8,4,CELESTIAL ZODIAC,CASH,Fixed Win,Tabtouch,21,Error
6/18/2025 16:41,maryborough,Harness,8,4,CELESTIAL ZODIAC,CASH,Fixed Win,TAB,23,Error
6/18/2025 16:40,maryborough,Harness,8,4,CELESTIAL ZODIAC,CASH,Fixed Win,Sportsbet,26,Error
6/18/2025 16:40,maryborough,Harness,8,4,CELESTIAL ZODIAC,CASH,Fixed Win,Betr,26,Success
6/18/2025 16:33,bathurst,Harness,2,2,SHES SOME LEXY,CASH,Fixed Win,TAB,8.5,Error
6/18/2025 16:21,globe derby,Harness,5,4,LOCHINVAR JEWELLS,CASH,Fixed Win,BetRight,1.45,Error
6/18/2025 16:21,globe derby,Harness,5,4,LOCHINVAR JEWELLS,CASH,Fixed Win,Betr,1.52,Error
6/18/2025 16:09,bendigo,Greyhounds,7,6,HUMBLE ETHICS,CASH,Fixed Win,Tabtouch,6.5,Error
6/18/2025 16:09,bendigo,Greyhounds,7,6,HUMBLE ETHICS,CASH,Fixed Win,TAB,6.5,Error
6/18/2025 16:08,maryborough,Harness,7,13,DOSSIER,CASH,Fixed Win,Tabtouch,17,Error
6/18/2025 16:07,maryborough,Harness,7,13,DOSSIER,CASH,Fixed Win,Betr,16,Success
6/18/2025 16:06,maryborough,Harness,7,3,SILENT REVERIE,CASH,Fixed Win,TAB,15,Success
6/18/2025 16:04,albion park,Greyhounds,4,7,TINY ROCKET,CASH,Fixed Win,TAB,16,Error
6/18/2025 16:04,albion park,Greyhounds,4,6,MIA'S MY GIRL,CASH,Fixed Win,TAB,15,Error
6/18/2025 16:04,albion park,Greyhounds,4,6,MIA'S MY GIRL,CASH,Fixed Win,BetRight,15,Error
6/18/2025 15:58,gunnedah,Greyhounds,3,4,RADLEY ERSKIN,CASH,Fixed Win,Sportsbet,126,Error
6/18/2025 15:48,globe derby,Harness,4,1,HORSE OF COURSE NZ,CASH,Fixed Win,TAB,16,Error
6/18/2025 15:45,globe derby,Harness,4,8,THE CLIPPER,CASH,Fixed Win,Betr,14,Error
6/18/2025 15:45,globe derby,Harness,4,8,THE CLIPPER,CASH,Fixed Win,TAB,15,Error
6/18/2025 15:44,globe derby,Harness,4,4,BUCKLES,CASH,Fixed Win,Sportsbet,11,Error
6/18/2025 15:44,globe derby,Harness,4,4,BUCKLES,CASH,Fixed Win,BetRight,10,Error
6/18/2025 15:44,globe derby,Harness,4,4,BUCKLES,CASH,Fixed Win,Betr,12,Error
6/18/2025 15:44,temora,Greyhounds,12,7,TRENT CRIMM,CASH,Fixed Win,BetRight,6.75,Error
6/18/2025 15:43,globe derby,Harness,4,4,BUCKLES,CASH,Fixed Win,Tabtouch,9.5,Error
6/18/2025 15:42,temora,Greyhounds,12,7,TRENT CRIMM,CASH,Fixed Win,Tabtouch,8.5,Error
6/18/2025 15:42,temora,Greyhounds,12,7,TRENT CRIMM,CASH,Fixed Win,TAB,8.5,Error
6/18/2025 15:42,temora,Greyhounds,12,7,TRENT CRIMM,CASH,Fixed Win,Sportsbet,8,Error
6/18/2025 15:42,temora,Greyhounds,12,7,TRENT CRIMM,CASH,Fixed Win,Betr,8.5,Error
6/18/2025 15:41,temora,Greyhounds,12,6,RUN BINDI RUN,CASH,Fixed Win,Tabtouch,4.8,Error
6/18/2025 15:41,temora,Greyhounds,12,6,RUN BINDI RUN,CASH,Fixed Win,TAB,4.8,Error
6/18/2025 15:41,temora,Greyhounds,12,6,RUN BINDI RUN,CASH,Fixed Win,Sportsbet,5,Success
6/18/2025 15:41,temora,Greyhounds,12,6,RUN BINDI RUN,CASH,Fixed Win,Betr,5,Success
6/18/2025 15:38,gunnedah,Greyhounds,2,6,DALAIR JESS,CASH,Fixed Win,BetRight,21,Error
6/18/2025 15:36,bendigo,Greyhounds,5,4,ALL GOLD,CASH,Fixed Win,TAB,16,Error
6/18/2025 15:34,maryborough,Harness,6,13,LOLLIPOP,CASH,Fixed Win,Betr,3,Error
6/18/2025 15:34,maryborough,Harness,6,13,LOLLIPOP,CASH,Fixed Win,TAB,3.2,Success
6/18/2025 15:31,maryborough,Harness,6,3,EL AWOMAN,CASH,Fixed Win,Tabtouch,12,Error
6/18/2025 15:31,maryborough,Harness,6,3,EL AWOMAN,CASH,Fixed Win,Betr,13,Success
6/18/2025 15:31,maryborough,Harness,6,3,EL AWOMAN,CASH,Fixed Win,Sportsbet,13,Error
6/18/2025 15:30,maryborough,Harness,6,9,SNAZOLA,CASH,Fixed Win,BetRight,10,Error
6/18/2025 15:10,capalaba,Greyhounds,11,6,ROWDY ROGUE,CASH,Fixed Win,Tabtouch,1.95,Error
6/18/2025 15:10,capalaba,Greyhounds,11,6,ROWDY ROGUE,CASH,Fixed Win,Betr,2,Error
6/18/2025 15:09,capalaba,Greyhounds,11,6,ROWDY ROGUE,CASH,Fixed Win,TAB,2.1,Error
6/18/2025 15:09,capalaba,Greyhounds,11,6,ROWDY ROGUE,CASH,Fixed Win,BetRight,2.15,Error
6/18/2025 15:09,albion park,Greyhounds,1,5,HARD STYLE TIGER,CASH,Fixed Win,TAB,31,Error
6/18/2025 15:08,albion park,Greyhounds,1,1,SCOTTY'S IDEA,CASH,Fixed Win,TAB,2.1,Success
6/18/2025 14:58,maryborough,Harness,5,8,CHAMPAGNE CHARLEY,CASH,Fixed Win,BetRight,3.6,Error
6/18/2025 14:57,maryborough,Harness,5,5,COUNTESS CHIRON,CASH,Fixed Win,Betr,10,Success
6/18/2025 14:56,maryborough,Harness,5,3,CONSTANT,CASH,Fixed Win,Tabtouch,5.5,Error
6/18/2025 14:56,maryborough,Harness,5,3,CONSTANT,CASH,Fixed Win,TAB,5.5,Error
6/18/2025 14:55,maryborough,Harness,5,3,CONSTANT,CASH,Fixed Win,Sportsbet,5.5,Error
6/18/2025 14:55,maryborough,Harness,5,3,CONSTANT,CASH,Fixed Win,Betr,5,Error
6/18/2025 14:55,maryborough,Harness,5,3,CONSTANT,CASH,Fixed Win,BetRight,6,Error
6/18/2025 14:48,capalaba,Greyhounds,10,6,HARA'S ELSIE,CASH,Fixed Win,Tabtouch,2.8,Error
6/18/2025 14:48,capalaba,Greyhounds,10,6,HARA'S ELSIE,CASH,Fixed Win,TAB,3.1,Error
6/18/2025 14:47,capalaba,Greyhounds,10,6,HARA'S ELSIE,CASH,Fixed Win,Betr,3.2,Success
6/18/2025 14:39,bendigo,Greyhounds,2,3,NORA'S NOVA,CASH,Fixed Win,TAB,34,Error
6/18/2025 14:32,bendigo,Greyhounds,2,8,DRILL BABY DRILL,CASH,Fixed Win,Tabtouch,13,Error
6/18/2025 14:32,bendigo,Greyhounds,2,8,DRILL BABY DRILL,CASH,Fixed Win,TAB,18,Error
6/18/2025 14:32,bendigo,Greyhounds,2,8,DRILL BABY DRILL,CASH,Fixed Win,Sportsbet,26,Error
6/18/2025 14:31,bendigo,Greyhounds,2,8,DRILL BABY DRILL,CASH,Fixed Win,BetRight,17,Error
6/18/2025 14:31,bendigo,Greyhounds,2,8,DRILL BABY DRILL,CASH,Fixed Win,Betr,20,Error
6/18/2025 14:31,bendigo,Greyhounds,2,6,ANGELANI,CASH,Fixed Win,Tabtouch,12,Error
6/18/2025 14:31,bendigo,Greyhounds,2,6,ANGELANI,CASH,Fixed Win,TAB,16,Error
6/18/2025 14:31,bendigo,Greyhounds,2,6,ANGELANI,CASH,Fixed Win,Sportsbet,27,Success
6/18/2025 14:30,bendigo,Greyhounds,2,6,ANGELANI,CASH,Fixed Win,BetRight,17,Error
6/18/2025 14:30,bendigo,Greyhounds,2,6,ANGELANI,CASH,Fixed Win,Betr,26,Success
6/18/2025 14:19,bendigo,Greyhounds,1,3,GO FISH,CASH,Fixed Win,TAB,17,Error
6/18/2025 14:10,capalaba,Greyhounds,8,4,QUEEN'S WHARF,CASH,Fixed Win,TAB,21,Error
6/18/2025 14:09,capalaba,Greyhounds,8,4,QUEEN'S WHARF,CASH,Fixed Win,BetRight,19,Error
6/18/2025 13:58,globe derby,Harness,1,1,FEISTY JANE,CASH,Fixed Win,Sportsbet,3.8,Success
6/18/2025 13:52,globe derby,Harness,1,6,SUMMERDAYS,CASH,Fixed Win,Sportsbet,126,Success
6/18/2025 13:52,globe derby,Harness,1,6,SUMMERDAYS,CASH,Fixed Win,Betr,91,Error
6/18/2025 13:51,capalaba,Greyhounds,7,2,SQUEAKY CARROLL,CASH,Fixed Win,TAB,31,Error
6/18/2025 13:51,capalaba,Greyhounds,7,2,SQUEAKY CARROLL,CASH,Fixed Win,BetRight,31,Error
6/18/2025 13:49,maryborough,Harness,3,6,COL DU GRANON,CASH,Fixed Win,Tabtouch,3,Error
6/18/2025 13:49,maryborough,Harness,3,6,COL DU GRANON,CASH,Fixed Win,TAB,3.2,Success
6/18/2025 13:49,maryborough,Harness,3,6,COL DU GRANON,CASH,Fixed Win,BetRight,3.1,Error
6/18/2025 13:49,maryborough,Harness,3,6,COL DU GRANON,CASH,Fixed Win,Betr,3.1,Error
6/18/2025 13:48,maryborough,Harness,3,1,CHAMPAGNES,CASH,Fixed Win,Tabtouch,31,Success
6/18/2025 13:47,gawler,Greyhounds,8,7,BINNAWAY CHARM,CASH,Fixed Win,Tabtouch,4.2,Success
6/18/2025 13:47,gawler,Greyhounds,8,7,BINNAWAY CHARM,CASH,Fixed Win,TAB,4.2,Success
6/18/2025 13:47,gawler,Greyhounds,8,7,BINNAWAY CHARM,CASH,Fixed Win,Sportsbet,4.2,Success
6/18/2025 13:47,gawler,Greyhounds,8,7,BINNAWAY CHARM,CASH,Fixed Win,BetRight,4.2,Success
6/18/2025 13:47,gawler,Greyhounds,8,7,BINNAWAY CHARM,CASH,Fixed Win,Betr,3.9,Error
6/18/2025 13:46,sale,Greyhounds,8,3,RHONDA GEM,CASH,Fixed Win,BetRight,13,Success
6/18/2025 13:46,maryborough,Harness,3,1,CHAMPAGNES,CASH,Fixed Win,TAB,26,Error
6/18/2025 13:46,maryborough,Harness,3,1,CHAMPAGNES,CASH,Fixed Win,Sportsbet,31,Error
6/18/2025 13:46,sale,Greyhounds,8,7,BE A CHARACTER,CASH,Fixed Win,Tabtouch,23,Error
6/18/2025 13:46,sale,Greyhounds,8,7,BE A CHARACTER,CASH,Fixed Win,TAB,31,Error
6/18/2025 13:46,sale,Greyhounds,8,7,BE A CHARACTER,CASH,Fixed Win,Sportsbet,46,Success
6/18/2025 13:46,sale,Greyhounds,8,7,BE A CHARACTER,CASH,Fixed Win,BetRight,41,Error
6/18/2025 13:45,sale,Greyhounds,8,7,BE A CHARACTER,CASH,Fixed Win,Betr,29,Error
6/18/2025 13:45,sale,Greyhounds,8,3,RHONDA GEM,CASH,Fixed Win,TAB,15,Error
6/18/2025 13:44,sale,Greyhounds,8,3,RHONDA GEM,CASH,Fixed Win,Tabtouch,15,Error
6/18/2025 13:44,sale,Greyhounds,8,3,RHONDA GEM,CASH,Fixed Win,Sportsbet,23,Success
6/18/2025 13:44,sale,Greyhounds,8,3,RHONDA GEM,CASH,Fixed Win,Betr,19,Error
6/18/2025 13:18,sale,Greyhounds,6,1,WARRIOR JACK,CASH,Fixed Win,TAB,1.9,Error
6/18/2025 13:18,sale,Greyhounds,6,1,WARRIOR JACK,CASH,Fixed Win,BetRight,1.9,Success
6/18/2025 13:12,capalaba,Greyhounds,5,2,PORT FOR SHORE,CASH,Fixed Win,TAB,9.5,Success
6/18/2025 13:12,maryborough,Harness,2,3,ULTIMATE SAFARI,CASH,Fixed Win,TAB,5,Success
6/18/2025 13:12,maryborough,Harness,2,3,ULTIMATE SAFARI,CASH,Fixed Win,Sportsbet,4.8,Error
6/18/2025 13:09,temora,Greyhounds,5,3,PEPPA'S DAUGHTER,CASH,Fixed Win,Tabtouch,11,Error
6/18/2025 13:09,temora,Greyhounds,5,8,TURBO GEORGE,CASH,Fixed Win,TAB,8,Error
6/18/2025 13:08,temora,Greyhounds,5,3,PEPPA'S DAUGHTER,CASH,Fixed Win,TAB,13,Error
6/18/2025 13:08,temora,Greyhounds,5,3,PEPPA'S DAUGHTER,CASH,Fixed Win,BetRight,12,Error
6/18/2025 12:59,capalaba,Greyhounds,4,7,TUTA MOMENT,CASH,Fixed Win,BetRight,8,Error
6/18/2025 12:59,capalaba,Greyhounds,4,2,CRISIS AVERTED,CASH,Fixed Win,Betr,19,Error
6/18/2025 12:59,capalaba,Greyhounds,4,5,MINTER THRILL,CASH,Fixed Win,Tabtouch,26,Success
6/18/2025 12:58,capalaba,Greyhounds,4,5,MINTER THRILL,CASH,Fixed Win,Sportsbet,21,Error
6/18/2025 12:58,capalaba,Greyhounds,4,5,MINTER THRILL,CASH,Fixed Win,TAB,26,Success
6/18/2025 12:58,capalaba,Greyhounds,4,2,CRISIS AVERTED,CASH,Fixed Win,TAB,23,Error
6/18/2025 12:58,capalaba,Greyhounds,4,2,CRISIS AVERTED,CASH,Fixed Win,BetRight,26,Success
6/18/2025 12:42,capalaba,Greyhounds,3,5,THAI PRINCESS,CASH,Fixed Win,TAB,13,Success
6/18/2025 12:42,capalaba,Greyhounds,3,5,THAI PRINCESS,CASH,Fixed Win,Betr,12,Error
6/18/2025 12:41,capalaba,Greyhounds,3,5,THAI PRINCESS,CASH,Fixed Win,BetRight,13,Error
6/18/2025 12:37,maryborough,Harness,1,6,TELLA SHES DREAMIN,CASH,Fixed Win,TAB,4.6,Success
6/18/2025 12:37,maryborough,Harness,1,6,TELLA SHES DREAMIN,CASH,Fixed Win,BetRight,4.2,Error
6/18/2025 12:37,maryborough,Harness,1,6,TELLA SHES DREAMIN,CASH,Fixed Win,Betr,4,Error
6/18/2025 12:36,maryborough,Harness,1,6,TELLA SHES DREAMIN,CASH,Fixed Win,Tabtouch,4.6,Error
6/18/2025 12:35,maryborough,Harness,1,6,TELLA SHES DREAMIN,CASH,Fixed Win,Sportsbet,4.8,Error
6/18/2025 12:32,temora,Greyhounds,3,1,CAPALA,CASH,Fixed Win,TAB,3.1,Success
6/18/2025 12:32,temora,Greyhounds,3,1,CAPALA,CASH,Fixed Win,Tabtouch,3,Error
6/18/2025 12:32,temora,Greyhounds,3,1,CAPALA,CASH,Fixed Win,Betr,3.1,Success
6/18/2025 12:31,gawler,Greyhounds,3,8,FIND THE SUN,CASH,Fixed Win,BetRight,1.18,Error
6/18/2025 12:31,gawler,Greyhounds,3,8,FIND THE SUN,CASH,Fixed Win,Tabtouch,1.2,Error
6/18/2025 12:31,gawler,Greyhounds,3,8,FIND THE SUN,CASH,Fixed Win,Betr,1.22,Success
6/18/2025 12:31,gawler,Greyhounds,3,8,FIND THE SUN,CASH,Fixed Win,TAB,1.25,Success
6/18/2025 12:19,temora,Greyhounds,2,5,SMOKY'S DESIRE,CASH,Fixed Win,Tabtouch,34,Error
6/18/2025 12:18,temora,Greyhounds,2,5,SMOKY'S DESIRE,CASH,Fixed Win,TAB,61,Success
6/18/2025 12:11,gawler,Greyhounds,2,6,BINNAWAY OAK,CASH,Fixed Win,Tabtouch,1.45,Error
6/18/2025 12:11,gawler,Greyhounds,2,6,BINNAWAY OAK,CASH,Fixed Win,BetRight,1.45,Error
6/18/2025 12:09,gawler,Greyhounds,2,6,BINNAWAY OAK,CASH,Fixed Win,TAB,1.6,Error
6/18/2025 11:52,gawler,Greyhounds,1,4,BRINDLE BENNY,CASH,Fixed Win,BetRight,2.9,Error
